PDBID	HBOND_LIG_SC	HBOND:LIG_MC	HBOND:SC_LIG	HBOND:MC_LIG	VDW:LIG_SC	VDW:LIG_MC	VDW:SC_LIG	VDW:MC_LIG
1VVJ	0	2	0	0	11	0	2	0
1VY4	0	6	0	0	9	0	2	2
1VY5	0	5	0	0	8	0	2	2
1VY6	0	4	0	0	7	0	2	1
1VY7	0	6	0	0	8	0	3	1
3J6B	820	225	134	32	347	20	80	4
3J6X	0	280	0	12	497	40	15	0
3J6Y	0	295	0	11	555	30	19	1
3J77	0	307	0	5	505	35	11	0
3J78	0	298	0	5	521	33	11	0
3J79	0	309	0	45	413	14	85	2
3J7O	0	362	0	0	511	28	0	0
3J7P	0	368	0	0	529	28	4	1
3J7Q	0	362	0	1	512	28	2	0
3J7R	0	368	0	1	528	28	4	0
3J92	0	391	0	0	553	19	11	1
3J9M	0	157	0	28	296	13	67	1
3J9W	0	2	0	0	1	0	3	0
3J9Y	0	227	0	25	281	15	38	0
3J9Z	0	4	0	4	11	1	2	1
3JA1	0	0	0	3	6	1	4	2
3JAG	0	561	0	0	816	38	14	0
3JAH	0	576	0	0	810	41	13	0
3JAI	0	584	0	0	829	43	11	0
3JAJ	0	369	0	0	525	37	7	2
3JAN	0	370	0	0	527	41	0	0
3JBN	0	166	0	23	158	14	30	2
3JBO	0	154	0	27	156	14	32	1
3JBP	0	145	0	19	134	6	26	3
3JBU	0	167	0	24	208	20	27	1
3JBV	0	232	0	25	278	49	32	1
3JCD	0	198	0	20	242	15	46	3
3JCE	0	225	0	19	283	11	44	2
3JCJ	0	205	0	3	290	13	13	2
3JCN	0	234	0	18	272	15	36	1
3JCS	0	308	0	0	445	25	0	0
3JCT	0	316	0	0	599	28	0	0
4BTS	0	1	0	1	4	0	2	1
4D5Y	0	276	0	0	501	46	0	0
4D67	0	276	0	0	501	46	0	0
4L47	0	2	0	0	10	0	2	2
4L71	0	1	0	0	9	0	3	1
4LEL	0	2	0	0	10	0	2	1
4LFZ	0	2	0	0	10	0	3	0
4LNT	0	0	0	0	11	1	2	1
4LSK	0	2	0	0	11	1	2	2
4LT8	0	2	0	0	11	1	2	2
4P6F	0	3	0	0	18	1	2	1
4P70	0	1	0	0	11	0	3	1
4TUA	0	1	0	0	11	0	2	1
4TUB	0	0	0	0	13	0	2	1
4TUC	0	2	0	0	10	0	2	0
4TUD	0	0	0	0	10	0	2	0
4TUE	0	1	0	0	9	0	2	0
4TVX	0	0	128	53	0	0	115	9
4U1U	0	3	0	3	4	0	9	1
4U1V	0	4	0	1	4	0	9	2
4U20	0	4	0	2	4	0	7	2
4U24	0	3	0	1	2	0	10	2
4U25	0	4	0	3	3	0	9	2
4U26	0	4	0	1	2	0	8	2
4U27	0	4	0	2	3	0	7	1
4U3M	0	1151	0	0	1565	103	0	0
4U3N	0	1195	0	0	1624	105	0	0
4U3U	0	1183	0	0	1597	89	0	0
4U4N	0	1163	0	0	1659	105	0	0
4U4O	0	1108	0	0	1595	111	0	0
4U4Q	0	1164	0	0	1618	101	0	0
4U4R	0	1203	0	0	1623	96	0	0
4U4U	0	1184	0	0	1591	109	0	0
4U4Y	0	1151	0	0	1592	94	0	0
4U4Z	0	1159	0	0	1648	104	0	0
4U50	0	1205	0	0	1673	100	0	0
4U51	0	1183	0	0	1613	107	0	0
4U52	0	1171	0	0	1622	100	0	0
4U53	0	1171	0	0	1632	96	0	0
4U55	0	1181	0	0	1613	106	0	0
4U56	0	1168	0	0	1575	98	0	0
4U6F	0	1175	0	0	1603	103	0	0
4UG0	0	0	0	2	4	0	4	1
4UJC	0	265	0	3	528	52	17	1
4UJD	0	1	0	4	21	3	28	4
4UJE	0	262	0	0	528	53	0	0
4V3P	0	2	0	22	2	0	39	12
4V49	0	0	0	3	0	0	9	3
4V4A	0	0	0	1	0	0	6	1
4V4B	0	3	0	1	0	0	10	2
4V4G	0	3	0	7	14	7	9	7
4V4H	0	3	0	0	0	0	4	0
4V4I	0	0	0	154	1	0	342	35
4V4J	0	0	0	128	0	2	259	27
4V4N	0	0	0	0	0	0	2	0
4V4P	0	0	0	0	1	0	1	0
4V4Q	0	3	0	0	0	0	4	0
4V4R	0	1	0	0	4	0	1	0
4V4S	0	1	0	0	4	0	1	0
4V4T	0	1	0	0	4	1	2	0
4V4V	0	0	0	0	0	0	1	0
4V4W	0	0	0	0	1	0	4	2
4V4X	0	2	0	0	4	1	1	0
4V4Y	0	2	0	0	5	1	1	0
4V4Z	0	2	0	0	4	0	0	0
4V50	0	0	0	1	3	0	6	0
4V51	0	4	0	0	15	0	2	0
4V52	0	0	0	0	1	0	7	0
4V53	0	0	0	0	3	0	5	0
4V54	0	0	0	0	1	0	4	0
4V55	0	0	0	0	1	0	4	0
4V56	0	0	0	0	1	0	4	0
4V57	0	0	0	0	1	0	5	0
4V5A	0	2	0	1	7	0	2	0
4V5B	0	0	0	2	1	0	0	0
4V5C	0	5	0	0	6	0	2	2
4V5D	0	3	0	0	4	0	6	2
4V5E	0	2	0	13	10	0	21	1
4V5F	0	1	0	0	14	1	11	3
4V5G	0	4	0	0	16	0	3	0
4V5H	0	0	0	1	2	0	4	1
4V5J	0	3	0	7	13	1	21	4
4V5K	0	6	0	0	13	0	6	1
4V5L	0	3	0	0	6	1	1	1
4V5M	0	0	0	0	6	0	1	0
4V5N	0	0	0	0	5	0	2	0
4V5O	0	0	0	0	6	1	5	1
4V5P	0	3	0	0	11	0	2	2
4V5Q	0	5	0	0	6	0	4	0
4V5R	0	4	0	0	11	1	2	0
4V5S	0	4	0	0	13	1	2	0
4V5Y	0	0	0	0	1	0	5	0
4V61	0	2	0	0	6	2	3	0
4V63	0	4	0	11	8	1	22	3
4V64	0	0	0	0	2	0	7	0
4V65	0	5	0	0	3	1	2	0
4V66	0	3	0	0	1	1	2	0
4V67	0	2	0	12	16	1	17	2
4V68	0	1	0	0	4	0	3	0
4V69	0	3	0	0	5	0	7	1
4V6A	0	5	0	1	6	0	3	2
4V6C	0	0	0	0	2	0	4	0
4V6D	0	0	0	0	2	0	2	0
4V6E	0	1	0	0	1	0	3	0
4V6F	0	2	0	2	6	0	13	2
4V6G	0	4	0	0	8	1	7	0
4V6I	0	0	0	244	0	0	409	34
4V6K	0	3	0	1	11	1	0	0
4V6L	0	4	0	2	1	0	11	0
4V6M	0	2	0	1	2	0	17	3
4V6N	0	0	0	4	6	1	8	0
4V6O	0	5	0	0	5	0	6	1
4V6P	0	3	0	2	5	0	8	1
4V6Q	0	5	0	2	4	0	3	1
4V6R	0	8	0	0	5	2	4	0
4V6S	0	0	0	3	7	0	2	1
4V6T	0	9	0	7	4	3	11	10
4V6U	0	2	0	0	6	1	3	0
4V6V	0	6	0	2	10	1	14	2
4V6W	0	296	0	120	649	37	254	19
4V6X	0	253	0	114	439	29	210	15
4V6Y	0	1	0	0	5	0	1	0
4V6Z	0	0	0	0	1	0	2	0
4V70	0	1	0	0	2	0	4	0
4V71	0	2	0	0	1	0	5	0
4V72	0	0	0	1	10	0	0	0
4V73	0	0	0	0	0	0	2	0
4V74	0	0	0	0	5	0	4	0
4V75	0	1	0	0	0	0	4	0
4V76	0	0	0	0	4	1	2	0
4V77	0	2	0	0	1	0	2	0
4V78	0	0	0	0	3	0	3	0
4V79	0	0	0	0	0	0	4	0
4V7A	0	1	0	1	5	0	1	0
4V7B	0	0	0	0	3	0	2	0
4V7C	0	0	0	1	1	0	1	0
4V7D	0	1	0	0	4	0	0	0
4V7E	0	283	0	0	722	72	0	0
4V7H	0	9	0	0	10	18	1	0
4V7I	0	1	0	0	5	0	0	0
4V7L	0	6	0	2	7	0	4	0
4V7M	0	4	0	0	7	0	5	1
4V7P	0	4	0	4	6	1	12	2
4V7R	0	1	0	0	1	0	0	0
4V7S	0	0	0	0	3	0	5	0
4V7T	0	0	0	0	3	0	5	0
4V7U	0	0	0	0	2	0	5	0
4V7V	0	0	0	0	2	0	5	0
4V7W	0	2	0	0	5	0	2	2
4V7X	0	2	0	1	4	0	2	2
4V7Y	0	2	0	1	4	0	2	2
4V7Z	0	2	0	0	6	0	4	0
5IT8	0	4	0	0	4	1	6	0
5J30	0	4	0	8	9	0	13	2
5J3C	0	3	0	9	13	0	16	3
5J4D	0	582	0	63	648	43	53	4
5J5B	0	3	0	0	4	0	6	0
5J7L	0	3	0	0	5	0	6	0
5J88	0	3	0	0	6	1	7	0
5J8A	0	3	0	0	7	1	6	0
5J8B	0	294	0	50	329	23	71	3
5J91	0	3	0	0	4	0	6	0
5JC9	0	3	0	0	6	0	6	0
5JCS	0	0	0	226	0	0	0	103
5JTE	0	3	0	0	1	0	3	0
5JU8	0	2	0	0	0	0	3	0
5JUO	0	371	0	4	795	49	4	0
5JUP	0	503	0	6	800	35	5	0
5JUS	0	409	0	6	808	45	7	0
5JUT	0	443	0	4	774	62	5	0
5JUU	0	476	0	7	809	60	5	0
5KPV	0	201	0	46	256	12	64	8
5KPW	0	210	0	47	273	14	69	5
5KPX	0	197	0	51	266	13	65	5
5LI0	0	109	0	12	193	16	24	1
5LKS	0	0	0	1	5	0	5	1
5LZA	0	214	0	19	212	12	27	0
5LZB	0	179	0	21	265	25	36	0
5LZC	0	201	0	25	270	21	26	2
5LZD	0	225	0	20	276	14	35	1
5LZE	0	201	0	24	221	13	32	1
5LZF	0	176	0	17	225	16	33	2
5LZS	0	611	0	0	844	32	0	0
5LZT	0	605	0	1	860	29	11	1
5LZU	0	613	0	0	834	32	2	0
5LZV	0	598	0	1	840	28	11	1
5LZW	0	580	0	1	830	23	10	1
5LZX	0	589	0	1	830	22	5	1
5LZY	0	593	0	0	818	25	2	0
5LZZ	0	585	0	2	850	21	5	1
5M1J	0	440	0	0	714	22	2	1
5MC6	0	147	0	196	228	19	288	15
5MDV	0	316	0	0	391	16	0	0
5MDW	0	297	0	0	380	17	0	0
5MDY	0	280	0	0	345	15	0	0
5MDZ	0	299	0	0	361	16	0	0
5MEI	0	1197	0	6	1599	94	17	2
5MGP	0	236	0	21	276	16	32	0
5MMM	0	237	0	40	293	8	58	2
5MRC	0	229	0	121	440	21	343	19
5MRE	0	230	0	125	441	21	344	19
5MRF	0	231	0	121	442	24	343	17
5MYJ	0	1	0	0	0	0	4	0
5NCO	0	193	0	0	202	15	0	0
5ND8	0	109	0	21	233	20	29	1
5ND9	0	98	0	15	232	22	32	0
5NDG	0	1174	0	0	1655	110	0	0
5NDJ	0	488	0	2	608	34	2	0
5NDK	0	496	0	2	625	39	2	0
5NDV	0	1132	0	0	1612	104	0	0
5NDW	0	1179	0	0	1592	89	0	0
5NJT	0	210	0	0	206	23	0	1
5NP6	0	182	0	24	257	25	39	4
5NWY	0	266	0	1	376	19	7	0
5O2R	0	228	0	23	282	16	40	1
5OBM	0	1215	0	0	1638	102	0	0
5ON6	0	1179	0	6	1615	90	14	2
5OT7	0	185	0	0	340	15	0	0
5T2A	0	474	0	16	798	39	24	0
5T2C	0	286	0	0	442	11	0	0
5T5H	0	358	0	0	529	30	0	0
5T62	0	359	0	0	435	14	0	0
5T6R	0	335	0	0	398	15	0	0
5T7V	0	130	0	0	160	7	0	0
5TBW	0	986	0	117	1314	66	167	11
5TCU	0	147	0	0	192	8	0	0
5TGA	0	1165	0	0	1619	95	0	0
5TGM	0	1083	0	0	1570	91	1	0
5U4I	0	240	0	20	305	20	33	1
5U9F	0	196	0	1	228	14	1	0
5U9G	0	187	0	1	226	13	2	0
5UMD	0	301	0	41	425	17	87	2
5UQ7	0	301	0	52	382	29	78	6
5UQ8	0	294	0	51	367	30	80	6
5UYK	0	187	0	1	214	16	3	0
5UYL	0	189	0	2	207	15	4	0
5UYM	0	200	0	2	219	12	3	0
5UYN	0	191	0	2	231	20	1	0
5UYP	0	196	0	4	233	22	3	0
5UYQ	0	185	0	2	241	15	3	0
5V93	0	144	0	7	249	18	25	1
5VPP	0	0	0	0	7	0	5	0
5VYC	0	40	0	633	71	3	1276	107
5W4K	0	2	0	0	8	4	0	0
5WDT	0	245	0	30	333	17	42	1
5WE4	0	247	0	32	333	22	43	2
5WE6	0	221	0	28	254	18	37	1
5WF0	0	244	0	30	305	21	42	1
5WFK	0	238	0	31	306	21	42	1
5WFS	0	247	0	26	291	19	38	2
5WLC	0	54	0	0	173	6	0	0
5X8P	0	158	0	29	270	18	50	1
5XXB	0	341	0	0	397	13	0	0
5XY3	0	296	0	0	344	8	0	0
5YDT	0	0	0	0	6	1	0	0
5ZEB	0	206	0	20	302	12	37	1
5ZEP	0	215	0	14	337	18	26	2
5ZLU	0	99	0	11	188	14	31	0
6AWB	0	29	0	0	64	6	0	0
6AWC	0	30	0	0	62	5	0	0
6AWD	0	36	0	0	59	7	0	0
6AZ3	0	382	0	0	598	23	0	0
6B4V	0	571	0	40	597	45	43	2
6BOK	0	622	0	44	577	38	51	5
6BU8	0	178	0	2	175	11	2	0
6BUW	0	4	0	0	8	1	4	0
6BY1	0	3	0	0	2	0	1	0
6BZ6	0	2	0	0	7	0	3	0
6BZ7	0	3	0	0	5	0	4	0
6BZ8	0	3	0	0	8	1	2	0
6C4I	0	295	0	26	360	16	45	1
6C5L	0	3	0	7	14	1	15	3
6CAE	0	1	0	0	3	0	0	0
6D90	0	452	0	0	640	36	0	0
6D9J	0	288	0	0	595	31	0	0
6DNC	0	222	0	5	263	7	7	1
6DZI	0	127	0	17	240	10	46	3
6EM1	0	158	0	0	331	22	0	0
6ENF	0	200	0	22	279	12	36	0
6ENJ	0	199	0	21	243	13	31	1
6ENU	0	223	0	22	281	17	40	2
6ERI	0	0	0	0	1	0	0	0
6FEC	0	203	0	0	404	32	0	0
6FRK	0	365	0	2	534	13	4	0
6FXC	0	0	0	0	3	0	2	0
6FYX	0	215	0	0	336	22	0	0
6FYY	0	220	0	0	355	21	0	0
6GAW	0	3	0	0	8	2	0	0
6GAZ	0	5	0	0	8	1	0	0
6GB2	0	2	0	0	3	0	0	0
6GQ1	0	361	0	0	682	34	0	0
6GQB	0	359	0	0	629	23	0	0
6GQV	0	362	0	0	656	36	0	0
6GSJ	0	488	0	0	614	33	3	0
6GSK	0	469	0	0	576	33	3	0
6GSL	0	491	0	0	571	39	4	0
6GSM	0	124	0	0	205	11	0	0
6GSN	0	141	0	0	200	13	0	0
6GWT	0	185	0	19	289	20	35	1
6GXM	0	180	0	21	302	15	36	1
6GXN	0	189	0	15	292	15	33	0
6GXO	0	179	0	18	316	19	34	1
6GXP	0	147	0	17	267	15	34	1
6GZ3	0	0	0	3	3	1	8	1
6GZ4	0	1	0	3	6	2	8	1
6GZ5	0	1	0	3	4	2	10	0
6GZQ	0	172	0	0	223	5	0	0
6GZX	0	319	0	0	541	42	0	0
6GZZ	0	336	0	0	616	44	0	0
6H4N	0	231	0	18	271	17	35	1
6H58	0	463	0	36	542	34	70	2
6HA1	0	220	0	21	300	17	36	3
6HA8	0	209	0	20	290	17	38	4
6HCF	0	362	0	3	637	27	6	3
6HCJ	0	296	0	2	511	16	8	6
6HCM	0	362	0	3	638	27	6	3
6HCQ	0	293	0	2	506	16	8	6
6HHQ	0	980	0	113	1361	82	156	13
6HIV	0	80	0	0	334	20	0	0
6HIW	0	52	0	0	182	12	0	0
6HIX	0	24	0	0	135	10	0	0
6HIY	0	22	0	0	93	5	0	0
6HIZ	0	29	0	0	104	6	0	0
6HRM	0	244	0	0	297	15	0	0
6HTQ	0	180	0	19	298	21	26	1
6I7O	0	304	0	343	581	33	670	51
6I7V	34	1	11	0	4	0	4	0
6I9R	0	111	0	24	262	11	77	1
6IP5	0	245	0	4	468	18	3	4
6IP6	0	250	0	3	467	19	8	3
6IP8	0	256	0	1	421	12	3	1
6LKQ	0	1	0	242	3	1	334	18
6LQM	0	341	0	0	504	17	9	0
6LSR	0	320	0	2	492	11	18	0
6LSS	0	319	0	0	498	15	0	0
6LU8	0	330	0	0	504	15	0	0
6M62	0	291	0	0	578	25	0	0
6MTB	0	533	0	0	778	34	0	0
6MTC	0	540	0	0	785	20	0	0
6MTD	0	553	0	0	782	28	0	0
6MTE	0	536	0	0	804	28	0	0
6N1D	0	0	0	0	4	1	1	0
6N8J	0	293	0	0	419	16	0	0
6N8K	0	281	0	0	418	17	0	0
6N8L	0	270	0	0	409	14	0	0
6N8M	0	320	0	0	396	14	0	0
6N8N	0	299	0	0	424	7	0	0
6N8O	0	314	0	0	421	11	0	0
6NDK	0	3	0	0	5	1	3	0
6NSH	0	3	0	0	9	1	3	1
6NTA	0	2	0	0	8	1	2	0
6NU2	461	93	107	17	251	10	54	5
6NU3	465	107	115	19	274	13	66	1
6NUO	0	5	0	0	9	1	3	1
6NWY	0	2	0	0	7	0	2	0
6O3M	0	2	0	0	6	1	2	0
6O8W	0	142	0	20	177	14	25	1
6O8X	0	135	0	18	168	8	25	0
6O8Y	0	128	0	17	221	18	21	2
6O8Z	0	148	0	19	165	11	27	0
6O90	0	152	0	16	169	9	23	0
6O9J	0	280	0	16	536	196	31	2
6O9K	0	180	0	83	184	19	70	4
6OF6	0	6	0	0	18	3	3	0
6OFX	0	265	0	0	295	25	0	0
6OG7	0	244	0	0	282	19	0	0
6OGF	0	251	0	0	300	23	0	0
6OGG	0	186	0	0	365	20	0	0
6OGI	0	247	0	0	296	22	0	0
6OIG	0	579	0	0	1057	410	0	0
6OJ2	0	6	0	0	13	2	2	0
6OLE	0	35	0	303	61	5	476	15
6OLF	0	37	0	242	69	6	422	13
6OLG	0	0	0	0	4	0	8	1
6OLI	0	32	0	292	55	4	462	12
6OLZ	0	0	0	2	5	1	10	0
6OM0	0	31	0	300	53	5	475	18
6OM6	0	286	0	0	343	19	0	0
6OM7	0	34	0	253	62	11	468	10
6OPE	0	5	0	0	18	4	2	0
6ORD	0	3	0	0	11	0	2	0
6ORE	0	283	0	0	347	15	0	0
6ORL	0	259	0	0	351	19	0	0
6OSI	0	2	0	0	8	1	3	0
6OSK	0	258	0	0	354	13	0	0
6OSQ	0	264	0	0	360	17	0	0
6OST	0	289	0	0	398	33	0	0
6OT3	0	267	0	0	367	26	0	0
6OTR	0	6	0	0	11	1	8	1
6OUO	0	264	0	0	363	26	0	0
6OXA	0	5	0	0	6	1	5	0
6OXI	0	3	0	0	10	1	5	0
6P5I	0	595	0	0	896	35	0	0
6P5J	0	551	0	0	850	25	0	0
6P5K	0	574	0	0	888	32	0	0
6P5N	0	536	0	0	798	27	0	0
6PJ6	792	200	0	0	275	15	0	0
6Q8Y	0	137	0	180	216	9	302	14
6Q95	0	237	0	0	359	16	0	0
6Q97	0	196	0	0	266	20	0	0
6Q98	0	214	0	0	313	24	0	0
6Q9A	0	232	0	0	317	13	0	0
6QIK	0	254	0	21	406	21	47	1
6QNQ	0	479	0	0	527	33	3	0
6QNR	0	525	0	0	632	39	7	0
6QT0	0	303	0	29	392	13	56	0
6QTZ	0	258	0	25	401	11	51	2
6QZP	0	0	0	2	1	1	8	1
6R5Q	0	476	0	39	709	23	110	8
6R6G	0	425	0	36	674	15	101	4
6R6P	0	413	0	34	691	20	92	6
6R7Q	0	513	0	48	754	22	95	11
6R84	0	331	0	0	473	17	0	0
6R86	0	335	0	0	473	14	0	0
6R87	0	343	0	0	487	18	0	0
6RI5	0	261	0	22	376	20	62	2
6RM3	0	0	0	0	0	0	3	0
6RW4	333	61	69	9	147	8	37	1
6RW5	328	57	85	11	137	7	39	2
6RXY	0	35	0	0	146	5	0	0
6RZZ	0	317	0	25	417	12	57	0
6S05	0	260	0	22	398	13	49	1
6S0X	0	138	0	12	240	18	13	0
6S13	1109	208	110	16	607	121	72	11
6S47	0	0	0	2	0	0	3	1
6SG9	0	11	0	0	65	2	0	0
6SGA	0	46	0	0	155	6	0	0
6SGB	0	55	0	0	225	8	0	0
6SGC	0	588	0	0	867	36	0	0
6SKF	0	0	0	0	6	0	3	0
6SKG	0	1	0	0	4	1	2	0
6SNT	0	481	0	0	738	27	0	0
6SPF	0	225	0	18	323	30	30	1
6SPG	0	161	0	12	182	4	21	0
6SV4	0	525	0	324	1088	74	598	45
6SWA	0	2	0	275	2	0	505	17
6SXO	0	0	0	3	0	0	9	0
6SZS	0	235	0	23	316	16	29	1
6T4Q	0	518	0	1	752	27	9	1
6T7I	0	404	0	0	687	35	0	0
6T7T	0	469	0	1	752	33	2	0
6T83	0	827	0	20	1463	105	69	6
6TB3	0	172	0	187	258	6	311	11
6TBV	0	268	0	1	297	16	0	0
6TC3	0	263	0	1	302	15	0	0
6TH6	0	1	0	0	8	0	2	0
6TNU	0	133	0	171	301	7	297	18
6U48	0	0	0	3	0	0	0	0
6UTV	0	5	0	0	29	2	0	0
6UTW	0	7	0	0	29	2	0	0
6UTZ	0	5	0	0	26	2	0	0
6UU0	0	5	0	0	29	1	0	0
6UU1	0	7	0	0	21	0	0	0
6UU2	0	4	0	0	27	4	0	0
6UU3	0	6	0	0	22	0	0	0
6UU4	0	5	0	0	24	1	0	0
6UU5	0	6	0	0	26	3	0	0
6UU6	0	5	0	0	28	1	0	0
6UU8	0	5	0	0	16	0	0	0
6UU9	0	5	0	0	23	0	0	0
6UUC	0	6	0	0	26	3	0	0
6UZ7	0	426	0	1	539	15	1	0
6V39	0	121	0	61	153	8	69	3
6V3A	0	125	0	64	166	3	73	3
6V3B	0	126	0	56	156	6	73	4
6V3D	0	116	0	10	145	5	11	0
6V3E	0	0	0	44	6	0	74	5
6VLZ	0	85	0	16	260	13	54	2
6VMI	0	85	0	15	266	12	53	1
6VU3	1208	262	127	22	313	12	40	3
6VWL	0	231	0	0	280	12	0	0
6VWM	0	214	0	0	277	16	0	0
6VWN	0	220	0	0	282	13	0	0
6VYQ	1205	262	127	22	312	12	40	3
6VYR	1208	263	127	22	314	13	40	3
6VYS	1204	262	126	22	312	12	40	3
6VYT	1203	263	129	22	310	12	34	3
6VYU	1203	263	131	22	309	12	34	3
6VYW	1203	263	129	22	309	12	34	3
6VYX	1202	263	130	22	307	12	34	3
6VYY	1200	263	131	22	308	12	35	3
6VYZ	1201	263	131	22	307	12	35	3
6VZ2	1201	263	128	22	308	12	35	3
6VZ3	1202	263	130	22	309	12	35	3
6VZ5	1201	263	130	22	309	12	34	3
6VZ7	1203	263	129	22	309	12	34	3
6VZJ	1204	262	127	22	312	12	40	3
6W2S	0	155	0	0	230	8	1	0
6W2T	0	16	0	141	49	3	186	4
6W6L	103	20	1146	266	34	1	413	22
6W6P	0	174	0	20	187	12	24	0
6WD0	0	266	0	0	290	22	0	0
6WD1	0	261	0	0	309	15	0	0
6WD2	0	239	0	0	314	18	0	0
6WD3	0	243	0	0	298	17	0	0
6WD4	0	241	0	0	315	16	0	0
6WD5	0	248	0	0	321	17	0	0
6WD6	0	240	0	0	293	24	0	0
6WD7	0	229	0	0	305	19	0	0
6WD8	0	239	0	0	303	19	0	0
6WD9	0	245	0	0	311	20	0	0
6WDA	0	250	0	0	300	23	0	0
6WDB	0	240	0	0	307	18	0	0
6WDC	0	222	0	0	289	16	0	0
6WDD	0	256	0	0	292	15	0	0
6WDE	0	273	0	0	301	17	0	0
6WDF	0	229	0	0	292	18	0	0
6WDG	0	248	0	0	320	14	0	0
6WDH	0	220	0	0	306	14	0	0
6WDI	0	225	0	0	286	21	0	0
6WDJ	0	246	0	0	301	19	0	0
6WDK	0	242	0	0	304	17	0	0
6WDL	0	235	0	0	304	17	0	0
6WDM	0	251	0	0	310	16	0	0
6WNV	0	234	0	0	296	21	0	0
6WNW	0	247	0	0	316	20	0	0
6WOO	0	526	0	4	800	36	8	0
6X6T	1197	262	127	22	314	13	37	3
6X7F	1197	262	127	22	312	13	37	3
6X7K	1196	262	127	22	314	13	37	3
6X9Q	1196	262	127	22	314	13	37	3
6XA1	0	6	0	2	21	4	9	0
6XDQ	1195	262	127	22	315	13	37	3
6XDR	1181	262	127	22	313	13	37	3
6XGF	1181	262	127	22	313	13	37	3
6XII	1180	262	127	22	311	13	37	3
6XIJ	1202	262	127	22	311	12	40	3
6XIQ	1729	239	0	0	621	37	0	0
6XIR	0	349	0	0	628	30	0	0
4V8A	0	0	0	3	2	2	6	0
4V8B	0	4	0	0	12	0	3	1
4V8C	0	0	0	4	2	1	15	0
4V8D	0	3	0	0	17	0	3	1
4V8E	0	0	0	3	5	1	6	0
4V8F	0	2	0	1	7	0	7	1
4V8G	0	3	0	0	2	0	2	2
4V8H	0	3	0	0	3	0	3	2
4V8I	0	2	0	0	2	0	2	2
4V8J	0	5	0	1	17	0	6	2
4V8M	0	4	0	1	11	2	3	4
4V8N	0	5	0	0	32	11	4	2
4V8O	0	1	0	0	2	0	0	0
4V8P	0	284	0	740	372	28	982	71
4V8Q	0	0	0	2	1	1	14	4
4V8T	0	397	0	0	550	31	0	0
4V8U	0	0	0	0	10	2	12	2
4V8X	0	2	0	2	12	0	4	0
4V8Y	20	4	29	183	20	4	331	41
4V8Z	49	17	0	179	46	8	322	51
4V90	0	0	0	0	1	1	6	2
4V91	0	353	0	0	510	26	0	0
4V95	0	4	0	9	6	0	7	2
4V97	0	4	0	0	8	0	2	2
4V9A	0	4	0	0	9	1	4	1
4V9B	0	3	0	0	10	1	3	0
4V9C	0	4	0	1	13	5	7	1
4V9D	0	4	0	1	9	0	13	0
4V9F	0	312	0	0	274	17	0	0
4V9H	0	2	0	0	2	1	6	2
4V9I	0	4	0	0	7	1	6	1
4V9J	0	2	0	0	6	0	17	2
4V9K	0	1	0	3	5	0	17	0
4V9L	0	2	0	3	7	0	14	2
4V9M	0	2	0	0	8	0	13	3
4V9N	0	4	0	6	14	0	22	2
4V9O	0	5	0	4	42	10	5	0
4V9P	0	4	0	4	35	10	3	0
4V9Q	0	1	0	4	5	3	4	1
4V9R	0	5	0	0	7	0	3	1
4V9S	0	5	0	0	7	0	4	1
4W29	0	0	0	0	6	0	14	1
4W2E	0	275	0	43	306	17	56	5
4W2F	0	4	0	0	9	0	2	2
4W2G	0	4	0	0	8	0	2	2
4W2H	0	5	0	0	8	0	3	2
4W2I	0	5	0	0	9	0	4	2
4W4G	0	6	0	0	7	1	3	2
4WF1	0	4	0	2	3	0	10	1
4WPO	0	0	0	3	4	3	12	0
4WQ1	0	489	0	0	598	31	5	0
4WQF	0	0	0	6	18	5	13	0
4WQR	0	483	0	0	582	35	1	0
4WQS	0	0	0	5	0	0	12	1
4WQU	0	0	0	5	4	1	11	0
4WQY	0	0	0	4	6	2	11	0
4WR6	0	475	0	0	556	33	4	0
4WRA	0	469	0	0	557	36	3	0
4WRO	0	261	0	0	301	14	1	0
4WSD	0	480	0	0	566	32	1	0
4WSM	0	483	0	0	558	36	0	0
4WT1	0	490	0	0	584	30	1	0
4WT8	0	2	0	0	8	0	4	0
4WU1	0	522	0	0	602	29	0	0
4WWW	0	0	0	0	1	0	3	0
4WZD	0	533	0	0	625	38	2	2
4WZM	0	0	0	3	0	0	6	0
4WZO	0	471	0	0	553	37	1	0
4XEJ	0	0	0	0	3	0	0	0
4YBB	0	3	0	0	5	0	5	0
4YPB	0	6	0	0	7	1	3	2
4YZV	0	5	0	0	8	0	3	2
4ZSN	0	4	0	0	7	1	3	2
5A9Z	0	0	0	2	12	3	7	0
5AA0	0	0	0	2	15	2	7	0
5AFI	0	231	0	24	285	16	41	0
5AJ0	0	0	0	2	4	0	16	0
5AJ4	0	0	0	0	0	0	0	0
5APN	0	346	0	0	481	23	0	0
5APO	0	356	0	0	449	16	0	0
5BKL	0	0	40	1	0	0	7	1
5BKN	0	0	28	2	0	0	1	0
5CZP	0	5	0	7	13	0	25	3
5D8B	0	24	0	432	28	3	499	23
5DAT	0	1168	0	0	1676	99	0	0
5DC3	0	1125	0	0	1605	100	0	0
5DFE	0	4	0	8	14	0	33	4
5DGE	0	1160	0	0	1556	108	0	0
5DGF	0	1139	0	0	1674	101	0	0
5DGV	0	1151	0	0	1634	90	0	0
5E7K	0	487	0	0	581	31	1	0
5E81	0	497	0	0	621	29	4	0
5EL4	0	490	0	0	596	30	1	0
5EL5	0	485	0	0	575	30	0	0
5EL6	0	500	0	0	593	33	1	0
5EL7	0	500	0	0	576	30	5	0
5EPI	0	0	0	28	0	0	54	6
5FCI	0	1129	0	0	1550	98	0	0
5FCJ	0	1166	0	0	1606	104	0	0
5FL8	0	0	0	197	0	0	0	96
5GAK	0	233	0	0	424	15	0	0
5H4P	0	339	0	0	485	11	0	0
5H5U	0	290	0	12	272	16	16	0
5I4L	0	1172	0	0	1674	84	0	0
5I9H	0	0	0	0	0	0	12	0
5IB7	0	492	0	0	625	29	4	0
5IB8	0	488	0	0	615	27	4	0
5IBB	0	478	0	0	627	32	4	0
5IMQ	0	133	0	6	313	17	17	8
5IMR	0	127	0	15	327	27	21	12
5IQR	0	321	0	0	437	21	0	0
5IT8	0	4	0	0	4	1	6	0
6XU6	0	293	0	99	491	35	252	20
6XU7	0	221	0	85	552	37	283	18
6XU8	0	332	0	106	556	29	240	21
6XYW	0	178	0	0	348	21	0	0
6XZA	0	286	0	0	307	17	2	0
6XZB	0	286	0	1	308	17	2	0
6XZD	0	0	5	0	0	0	6	0
6XZG	0	0	6	2	0	0	5	0
6XZP	0	0	7	1	0	0	11	0
6XZR	0	0	9	1	0	0	9	0
6Y0C	0	0	7	1	0	0	10	0
6Y0G	0	4	0	1	9	0	9	0
6Y2L	0	1	0	2	8	0	5	1
6Y57	0	3	0	1	9	0	6	0
6Y69	0	242	0	23	282	17	36	1
6YAM	0	128	0	0	200	10	0	0
6YDP	0	0	0	0	1	0	0	0
6YDW	0	1	0	0	2	0	0	0
6YEF	0	173	0	23	214	9	36	0
6YLG	0	283	0	0	563	24	0	0
6YLH	0	283	0	0	567	25	0	0
6YLX	0	173	0	0	426	22	0	0
6YLY	0	205	0	0	471	35	0	0
6YSR	0	263	0	24	334	20	41	3
6YST	0	261	0	19	344	21	43	3
6YSU	0	244	0	17	311	25	32	1
6YW5	0	0	687	114	0	0	207	10
6YWE	998	233	880	148	392	18	293	14
6YWO	0	0	0	0	0	0	33	0
6YWS	1013	237	212	40	399	19	84	5
6YWV	926	195	183	34	351	16	79	3
6YWX	995	228	846	140	387	18	281	8
6YWY	984	236	863	144	398	16	288	9
6YXX	0	57	0	0	260	7	0	0
6YXY	0	85	0	0	330	12	0	0
6Z1P	3	0	10	0	0	0	5	0
6Z6B	0	9	0	3	46	3	8	0
6Z6J	0	464	0	0	691	21	0	0
6Z6K	0	458	0	0	675	21	0	0
6Z6L	0	1	0	2	5	1	14	0
6Z6M	0	1	0	4	5	0	32	2
6Z6N	0	2	0	5	8	1	17	3
6ZJ3	0	1	0	5	2	0	14	1
6ZM5	682	163	204	36	311	15	90	5
6ZM6	703	169	198	36	299	15	91	5
6ZM7	0	2	0	6	5	0	16	1
6ZME	0	1	0	9	6	1	25	3
6ZMI	0	2	0	4	10	1	18	1
6ZMO	0	2	0	3	8	1	18	0
6ZMW	0	158	0	2	225	13	5	0
6ZON	0	158	0	0	269	13	0	0
6ZP4	0	182	0	0	246	13	0	0
6ZS9	184	28	149	23	95	3	71	0
6ZSA	176	31	158	23	86	4	70	3
6ZSB	202	29	158	24	96	3	61	5
6ZSC	176	27	156	24	101	5	69	1
6ZSD	183	24	149	24	97	6	66	1
6ZSE	207	32	163	23	95	5	76	3
6ZSG	177	31	149	25	94	3	67	4
6ZTJ	0	1	0	0	4	0	5	1
6ZTL	0	2	0	0	7	2	7	0
6ZTM	0	2	0	0	4	0	3	0
6ZTN	0	2	0	0	4	0	1	0
6ZTO	0	2	0	0	4	0	5	0
6ZTP	0	2	0	0	4	0	5	0
6ZU1	0	2	0	0	4	0	5	0
6ZU5	0	0	0	3	0	0	2	3
6ZVJ	0	123	0	1	197	12	2	0
6ZVK	0	149	0	252	282	6	438	21
7A01	0	159	0	241	322	23	466	37
7A09	0	144	0	0	202	11	7	0
7A5F	0	176	0	26	423	18	70	2
7A5G	0	180	0	26	437	19	63	4
7A5H	0	140	0	27	300	8	62	0
7A5I	0	168	0	29	411	19	67	3
7A5J	0	141	0	30	290	8	75	2
7A5K	0	180	0	26	460	21	71	0
7ABZ	0	215	0	0	333	24	0	0
7AC7	0	218	0	0	324	16	0	0
7ACJ	0	212	0	0	356	17	0	0
7ACR	0	208	0	0	366	20	0	0
7AIH	0	144	0	0	566	25	0	0
7AM2	0	123	0	6	417	21	7	1
7ANE	0	242	0	0	857	85	0	0
7ASE	0	120	0	0	304	7	0	0
7ASO	0	44	0	89	55	4	206	26
7ASP	0	43	0	132	102	7	180	18
7AZO	0	591	0	2	687	39	0	0
7AZS	0	586	0	2	682	34	1	0
7AZY	1275	312	139	21	454	19	56	1
7B5K	0	233	0	22	244	14	29	1
7B7D	0	130	0	1	236	10	2	0
7BHP	0	0	0	2	0	0	6	0
7BL2	0	97	0	9	172	13	42	3
7BL3	0	111	0	9	168	11	36	3
7BT6	0	212	0	0	364	17	0	0
7BTB	0	236	0	0	455	15	0	0
7CPJ	0	224	0	23	291	15	41	2
7CPU	0	0	0	3	0	0	12	0
7CPV	0	0	0	4	0	0	9	0
7D6Z	0	233	0	2	271	14	6	0
7D80	0	187	0	15	257	18	20	1
7ELH	0	0	0	3	0	0	4	0
7JIL	0	202	0	0	287	14	0	0
7JQQ	0	0	0	0	0	0	7	0
7JSS	0	246	0	0	319	22	0	0
7JSW	0	238	0	0	293	17	0	0
7JSZ	0	240	0	0	297	15	0	0
7JT1	0	236	0	0	293	18	0	0
7JT2	0	240	0	0	298	12	0	0
7JT3	0	220	0	0	308	17	0	0
7K00	0	290	0	23	337	19	41	0
7K50	0	221	0	0	304	17	0	0
7K51	0	234	0	0	301	22	0	0
7K52	0	233	0	0	316	21	0	0
7K53	0	249	0	0	293	13	0	0
7K54	0	231	0	0	301	22	0	0
7K55	0	230	0	0	299	17	0	0
7KGB	0	214	0	19	274	8	35	1
7L20	0	118	0	25	315	25	72	0
7LH5	0	4	0	0	12	0	2	0
7LS1	0	369	0	84	636	22	160	8
7LS2	0	382	0	84	612	22	163	7
7LV0	0	234	0	0	313	23	0	0
7LVK	843	204	0	0	256	13	0	0
7M2T	0	0	0	0	14	0	12	0
7M2V	0	0	9	0	0	0	0	0
7M3T	0	0	0	3	0	0	9	0
7M4W	0	218	0	16	236	12	19	0
7M4X	0	206	0	12	249	13	14	0
7M4Y	0	223	0	14	226	12	21	0
7M4Z	0	203	0	14	237	17	15	1
7M50	0	0	0	1	0	0	5	0
7M57	0	0	0	8	17	0	24	0
7MDZ	0	552	0	0	838	25	0	0
7MPI	0	0	0	1	1	0	4	0
7MPJ	0	0	0	2	0	0	5	1
7MSC	0	214	0	21	240	11	39	0
7MSH	0	184	0	17	237	12	34	2
7MSM	0	214	0	23	260	7	41	2
7MSZ	0	197	0	22	249	9	34	0
7MT2	0	202	0	25	244	8	34	1
7MT3	0	211	0	16	247	9	38	0
7MT7	0	221	0	25	270	11	40	0
7N1P	0	295	0	1	357	18	4	0
7N2C	0	271	0	1	360	18	1	0
7N2U	0	304	0	1	377	19	0	0
7N2V	0	282	0	2	353	18	0	0
7N30	0	285	0	1	352	17	0	0
7N31	0	301	0	1	378	19	2	0
7N8B	0	0	0	2	0	0	6	0
7NBU	0	249	0	21	305	20	29	0
7NFX	0	339	0	0	566	21	0	0
7NHK	0	203	0	24	275	22	52	3
7NHL	0	191	0	25	247	20	59	4
7NHM	0	186	0	23	236	17	31	1
7NHN	0	210	0	26	267	14	61	4
7NQH	0	1	0	0	7	0	0	0
7NQL	0	0	0	0	10	0	0	0
7NRC	0	0	0	2	3	0	5	0
7NSO	0	219	0	20	286	12	36	1
7NSP	0	197	0	15	232	8	37	0
7NSQ	0	222	0	21	302	15	35	1
7NWG	1638	238	5	3	503	27	9	0
7NWH	1782	240	3	0	560	24	2	0
7NWI	1597	263	3	0	481	20	5	0
7NWT	0	278	0	0	314	14	0	0
7NWW	0	241	0	1	327	18	1	0
7O19	0	1	0	0	0	0	3	1
7O1A	0	1	0	0	0	0	5	0
7O1C	0	1	0	0	3	0	4	0
7O5B	0	191	0	14	235	13	31	0
7O7Y	0	3	0	0	13	1	1	1
7O7Z	0	3	0	0	15	1	1	1
7O80	0	8	0	0	16	3	2	0
7O81	0	2	0	0	6	0	0	0
7O9K	0	139	0	30	315	11	77	1
7O9M	0	154	0	33	333	9	84	2
7OBR	0	367	0	0	546	23	0	0
7ODR	0	156	0	33	333	11	83	4
7ODS	0	140	0	33	294	11	77	2
7ODT	0	160	0	32	347	13	78	5
7OF1	1329	263	0	0	473	18	0	0
7OF2	0	177	0	32	344	15	83	6
7OF3	0	149	0	30	328	10	84	4
7OF4	0	179	0	34	362	14	80	5
7OF5	0	176	0	32	345	12	76	3
7OF6	0	186	0	32	373	14	80	6
7OF7	0	165	0	30	357	14	81	4
7OG4	175	27	159	23	93	5	70	2
7OH3	1530	283	0	0	626	20	0	0
7OHP	742	122	0	0	262	14	0	0
7OHQ	1596	285	0	0	715	22	0	0
7OHS	860	131	0	0	326	17	0	0
7OHT	603	87	0	0	289	16	0	0
7OHU	727	116	0	0	251	9	0	0
7OHV	1130	149	0	0	374	14	0	0
7OHW	904	132	0	0	321	15	0	0
7OHX	824	125	0	0	304	10	0	0
7OHY	684	112	0	0	234	8	0	0
7OIC	0	143	0	25	293	8	68	1
7OID	0	127	0	23	255	3	56	2
7OIF	0	241	0	1	311	15	2	0
7OIG	0	238	0	1	325	17	1	0
7OII	0	247	0	1	318	21	2	0
7OIZ	0	235	0	18	272	17	31	1
7OJ0	0	239	0	30	280	19	62	1
7OLC	0	404	0	0	505	16	0	0
7OLD	0	338	0	0	524	18	0	0
7OSA	0	589	0	0	782	44	0	0
7OSM	0	549	0	0	763	54	0	0
7OT5	0	253	0	0	336	20	2	0
7OTC	0	234	0	21	303	12	41	1
7OYA	0	504	0	1	755	31	2	0
7OYB	0	542	0	0	869	35	0	0
7OYC	0	589	0	1	848	36	2	0
7OYD	0	497	0	15	754	33	21	0
7P2E	399	68	80	12	152	6	42	0
7P3K	0	235	0	15	267	14	24	0
7P48	0	200	0	16	214	12	26	0
7P6Z	0	179	0	11	251	13	17	0
7P7Q	0	274	0	31	333	23	54	1
7P7R	0	267	0	26	316	24	49	1
7P7S	0	263	0	28	310	24	49	1
7P7T	0	269	0	28	320	25	50	0
7P7U	0	264	0	26	327	29	37	2
7PAH	0	208	0	14	397	37	23	3
7PAI	0	160	0	10	289	16	19	0
7PAJ	0	170	0	10	311	25	18	1
7PAK	0	150	0	14	271	20	13	0
7PAL	0	164	0	11	279	16	18	1
7PAM	0	184	0	11	298	31	20	0
7PAN	0	192	0	8	388	51	26	0
7PAO	0	179	0	9	334	27	17	0
7PAQ	0	204	0	12	405	59	31	2
7PAR	0	226	0	9	366	48	20	0
7PAS	0	266	0	13	571	47	33	0
7PD3	0	114	0	35	220	11	72	2
7PH9	0	220	0	9	455	56	25	1
7PHA	0	215	0	10	439	57	25	1
7PHB	0	163	0	13	256	20	9	0
7PHC	0	220	0	14	405	33	25	1
7PI8	0	173	0	9	344	28	24	0
7PI9	0	148	0	8	284	25	14	0
7PIA	0	226	0	12	594	52	26	0
7PIB	0	147	0	8	265	25	8	0
7PIC	0	150	0	8	349	32	21	2
7PIO	0	192	0	11	362	32	13	0
7PIP	0	210	0	11	355	31	23	0
7PIQ	0	218	0	8	408	39	15	3
7PIR	0	226	0	10	552	50	19	2
7PIS	0	244	0	12	584	51	38	1
7PIT	0	165	0	8	305	22	17	0
7PJS	0	283	0	23	366	26	41	2
7PJT	0	223	0	20	342	42	51	4
7PJU	0	246	0	24	343	21	42	3
7PJV	0	248	0	20	361	25	48	1
7PJW	0	202	0	20	299	23	43	2
7PJX	0	247	0	22	368	28	46	1
7PJY	0	249	0	27	333	23	51	2
7PJZ	0	249	0	27	441	43	60	7
7PKT	0	148	0	0	330	12	0	0
7PNT	384	71	41	5	169	7	12	0
7PNU	390	74	49	5	153	5	16	0
7PNV	385	69	56	5	156	5	18	0
7PNW	372	67	69	8	160	5	34	1
7PNX	440	78	57	6	160	6	31	0
7PNY	415	70	56	5	161	5	31	0
7PNZ	421	71	54	6	159	4	28	0
7PO0	412	69	66	8	155	4	34	0
7PO1	399	69	77	12	156	6	44	1
7PO2	417	76	93	13	184	7	54	3
7PO3	405	74	70	8	160	6	37	1
7PO4	643	128	162	35	295	12	75	5
7PUA	0	49	0	0	142	8	0	0
7PUB	0	51	0	0	208	11	0	0
7PWG	0	335	0	1	331	5	4	0
7PWO	0	434	0	1	428	14	2	0
7PZY	0	606	0	6	822	36	13	0
7Q08	0	570	0	6	790	33	12	0
7Q0F	0	565	0	6	775	28	11	1
7Q0P	0	606	0	6	823	36	13	0
7Q0R	0	606	0	6	822	36	13	0
7QEP	0	343	0	0	385	9	0	0
7QG8	0	266	0	2	374	19	6	0
7QGH	0	263	0	2	352	17	16	0
7QGN	0	266	0	2	374	19	6	0
7QGR	0	262	0	2	352	17	17	1
7QGU	0	194	0	1	187	11	5	1
7QH4	0	194	0	1	185	11	2	0
7QI4	797	201	212	42	337	14	84	4
7QIW	1721	410	1	1	527	20	3	0
7QIZ	2011	479	467	110	620	24	141	6
7QP6	0	182	0	1	272	22	8	0
7QP7	0	164	0	1	240	21	5	0
7QV1	0	69	0	105	112	6	178	10
7QV2	0	70	0	103	129	7	182	7
7QV3	0	72	0	106	112	6	175	12
7R81	0	497	0	4	702	34	10	0
7RR5	0	445	0	0	670	26	8	0
7RYF	0	203	0	11	209	9	19	0
7RYG	0	198	0	14	228	8	19	0
7RYH	0	201	0	13	212	9	19	0
7S0S	0	174	0	7	225	9	25	1
7S1G	1180	274	64	1	297	14	15	1
7S1H	1139	274	56	1	305	13	12	1
7S1I	1144	279	58	1	295	13	12	1
7S1J	1106	269	59	2	324	11	13	1
7S1K	1172	262	57	1	294	15	10	0
7SA4	0	312	0	0	412	24	0	0
7SS9	0	188	0	0	306	21	0	0
7SSD	0	235	0	0	319	20	0	0
7SSL	0	198	0	0	290	22	0	0
7SSN	0	243	0	0	282	22	0	0
7SSO	0	248	0	0	291	15	0	0
7SSW	0	181	0	0	277	22	0	0
7ST2	0	264	0	0	310	24	0	0
7ST6	0	214	0	0	295	24	0	0
7ST7	0	258	0	0	338	25	0	0
7TOP	0	1	0	0	5	0	0	0
7TOQ	0	7	0	1	11	0	1	0
7TOR	0	3	0	1	4	0	3	1
7TOS	0	262	0	0	371	28	0	0
7TR6	0	0	0	30	0	0	68	6
7TR8	0	0	0	20	0	0	52	7
7TR9	0	0	0	31	0	0	98	8
7TRA	0	0	0	34	0	0	148	8
7UCJ	0	489	0	0	698	20	0	0
7UCK	0	486	0	0	680	20	0	0
7UG7	0	309	0	2	378	18	1	0
7UNR	0	219	0	25	228	8	34	1
7UNU	0	222	0	23	213	10	39	1
7UNV	0	227	0	23	229	12	35	0
7UNW	0	224	0	22	227	9	35	0
7UPH	0	144	0	40	374	25	75	11
7V59	0	1	0	27	2	0	67	4
7V93	0	0	0	7	0	0	13	0
7VBA	0	0	0	2	0	0	4	0
7VBB	0	0	0	1	0	0	2	0
7VBC	0	0	0	1	0	0	0	0
7Z43	0	0	0	9	0	0	26	2
7Z4O	0	0	0	11	0	0	27	1
1A1T	6	7	0	0	12	0	0	0
1A4T	13	0	0	0	5	0	0	0
1A9N	0	10	0	0	32	0	0	0
1AQ3	0	0	0	0	14	0	0	0
1AQ4	0	0	0	0	14	0	0	0
1ASY	0	11	0	0	31	0	0	0
1ASZ	0	11	0	0	29	1	0	0
1AUD	0	3	0	0	14	0	0	0
1AV6	6	4	0	0	0	0	0	0
1B23	0	4	0	0	4	1	0	0
1B2M	0	6	0	0	11	0	0	0
1B7F	0	8	0	0	37	2	0	0
1BIV	25	1	0	0	16	2	0	0
1C04	0	8	0	0	8	0	0	0
1C0A	0	3	0	0	13	2	0	0
1C9S	0	24	0	0	105	0	0	0
1CVJ	0	20	0	0	210	17	0	0
1CWP	0	0	0	0	0	0	11	0
1D6K	10	1	0	0	5	1	0	0
1DFU	0	2	0	0	2	0	0	0
1DI2	0	2	0	0	0	0	0	0
1DK1	0	1	0	0	1	0	0	0
1DUL	0	0	0	0	3	1	0	0
1E7K	0	0	0	9	0	0	9	0
1E8O	0	0	0	1	0	0	5	0
1EC6	0	4	0	0	24	2	0	0
1EFW	0	2	0	0	16	4	0	0
1EIY	0	0	0	0	1	0	0	0
1EKZ	4	0	0	0	2	0	0	0
1ETF	13	0	0	0	9	0	0	0
1ETG	20	0	0	0	8	0	0	0
1EUQ	0	5	0	0	15	1	0	0
1EUY	0	5	0	0	18	1	0	0
1EXD	0	6	0	0	18	1	0	0
1EXY	16	1	0	0	6	0	0	0
1F6U	4	5	0	0	11	2	0	0
1F7U	0	9	0	0	20	0	0	0
1F7V	0	7	0	0	13	0	0	0
1F7Y	0	1	0	0	1	0	0	0
1FEU	0	0	0	0	6	0	0	0
1FFY	0	2	0	0	11	0	0	0
1FJE	8	1	0	0	23	0	0	0
1FJG	0	88	0	0	116	10	0	0
1FKA	0	4	0	0	1	0	0	0
1FNX	10	2	0	0	24	0	0	0
1FXL	0	2	0	0	20	1	0	0
1G1X	0	10	0	0	7	0	0	0
1G2E	0	3	0	0	22	1	0	0
1G59	0	14	0	0	19	1	0	0
1G70	6	2	0	0	3	1	0	0
1GAX	0	2	0	0	33	2	0	0
1GTF	0	0	0	22	0	0	63	0
1GTN	0	0	0	20	0	0	56	0
1GTR	0	6	0	0	13	0	0	0
1GTS	0	8	0	0	11	0	0	0
1H2C	0	0	0	2	0	0	3	0
1H2D	0	0	0	2	0	0	8	0
1H38	0	0	0	0	0	0	35	0
1H3E	0	0	0	3	0	0	4	0
1H4Q	0	0	0	2	0	0	10	1
1H4S	0	0	0	2	0	0	10	1
1HC8	0	0	0	7	0	0	5	0
1HJI	6	1	0	0	6	0	0	0
1HNW	0	83	0	0	105	8	0	0
1HNX	0	87	0	0	108	11	0	0
1HNZ	0	83	0	0	107	8	0	0
1HQ1	0	0	0	0	2	1	0	0
1HR0	0	93	0	0	121	8	0	0
1HYS	0	1	0	0	0	0	0	0
1I5L	0	5	0	0	22	0	0	0
1I6H	0	1	0	0	2	0	0	0
1I6U	0	6	0	0	1	4	0	0
1I94	0	57	0	0	16	6	0	0
1I9F	11	4	0	0	2	1	0	0
1IBK	0	77	0	0	112	6	0	0
1IBL	0	82	0	0	102	7	0	0
1IBM	0	79	0	0	108	7	0	0
1IL2	0	7	0	0	28	0	0	0
1IVS	0	3	0	0	30	1	0	0
1J1U	0	2	0	0	12	1	0	0
1J2B	0	9	0	0	42	8	0	0
1J5E	0	81	0	0	123	11	0	0
1JBR	0	1	0	0	6	0	0	0
1JBS	0	2	0	0	8	2	0	0
1JBT	0	0	0	0	10	1	0	0
1JID	0	2	0	0	3	0	0	0
1JJ2	0	289	0	0	252	17	0	0
1K1G	2	4	0	0	16	4	0	0
1K73	0	293	0	0	250	16	0	0
1K8A	0	287	0	0	247	15	0	0
1K8W	0	6	0	0	7	0	0	0
1K9M	0	286	0	0	257	17	0	0
1KC8	0	289	0	0	254	15	0	0
1KD1	0	288	0	0	257	14	0	0
1KNZ	0	16	0	0	40	8	0	0
1KOG	0	21	0	0	61	5	0	0
1KQ2	0	0	0	0	17	0	0	0
1KQS	0	284	0	0	258	14	0	0
1KUQ	0	2	0	0	1	0	0	0
1L1C	17	1	0	0	12	1	0	0
1L9A	0	4	0	0	1	0	0	0
1LNG	0	5	0	0	2	0	0	0
1M1K	0	296	0	0	258	17	0	0
1M8V	0	19	0	0	103	0	3	0
1M8W	0	0	0	0	137	0	0	0
1M8X	0	0	0	0	70	0	0	0
1M8Y	0	0	0	0	77	0	0	0
1M90	0	287	0	0	269	14	0	0
1MFQ	0	4	0	0	4	1	0	0
1MJ1	0	7	0	0	0	3	0	0
1MJI	0	2	0	0	6	1	0	0
1MMS	0	8	0	0	0	0	0	0
1MNB	5	2	0	0	5	2	0	0
1MSW	0	0	0	0	16	0	0	0
1MZP	0	1	0	0	2	0	0	0
1N1H	0	3	0	0	3	0	0	0
1N32	0	84	0	0	112	6	0	0
1N33	0	77	0	0	84	5	0	0
1N34	0	83	0	0	99	11	0	0
1N35	0	4	0	0	3	1	0	0
1N36	0	73	0	0	95	10	0	0
1N38	0	3	0	0	3	2	0	0
1N77	0	12	0	0	19	0	0	0
1N78	0	12	0	0	15	0	0	0
1N8R	0	283	0	0	263	16	0	0
1NB7	0	3	0	0	8	4	0	0
1NJI	0	291	0	0	256	15	0	0
1NJM	0	0	0	0	0	0	0	0
1NJP	0	0	0	0	0	0	0	0
1NYB	15	0	0	0	3	0	0	0
1O0B	0	5	0	0	20	1	0	0
1O0C	0	4	0	0	15	1	0	0
1OB2	0	0	0	4	0	0	4	2
1OB5	0	0	0	12	0	0	18	3
1OLN	0	0	0	5	0	0	0	0
1OOA	0	2	0	0	6	2	0	0
1P6V	0	9	0	0	27	2	0	0
1PVO	0	10	0	0	30	0	0	0
1Q2R	0	2	0	0	23	0	0	0
1Q2S	0	3	0	0	22	3	0	0
1Q7Y	0	291	0	0	258	19	0	0
1Q81	0	285	0	0	261	18	0	0
1Q82	0	286	0	0	257	16	0	0
1Q86	0	287	0	0	254	16	0	0
1QA6	0	10	0	0	5	0	0	0
1QF6	0	6	0	0	15	1	0	0
1QFQ	16	0	0	0	10	0	0	0
1QLN	0	0	0	8	0	0	18	0
1QRS	31	5	0	0	16	0	0	0
1QRT	29	6	0	0	17	1	0	0
1QRU	29	7	0	0	14	1	0	0
1QTQ	0	5	0	0	14	0	0	0
1QU2	0	2	0	0	11	0	0	0
1QU3	0	2	0	0	10	0	0	0
1QVF	0	295	0	0	258	15	0	0
1QVG	0	298	0	0	263	14	0	0
1QZW	0	4	0	0	16	4	0	0
1R3E	0	7	0	0	9	0	0	0
1R9F	0	1	0	0	7	0	0	0
1R9S	0	2	0	0	2	0	0	0
1R9T	0	1	0	0	2	1	0	0
1RC7	0	1	0	0	2	0	0	0
1RGO	11	8	0	0	28	0	0	0
1RKJ	10	3	0	0	18	0	0	0
1RLG	0	10	0	0	18	1	0	0
1RPU	0	3	0	0	11	0	0	0
1RY1	0	5	0	0	8	1	0	0
1S03	0	7	0	0	2	4	0	0
1S0V	0	0	0	0	35	0	0	0
1S72	0	291	0	0	253	16	0	0
1S76	0	0	0	0	7	0	0	0
1S77	0	0	0	0	9	0	0	0
1SDS	0	17	0	0	17	1	0	0
1SER	0	1	0	0	3	0	0	0
1SFO	0	2	0	0	1	0	0	0
1SI3	0	2	0	0	4	0	0	0
1SM1	0	0	0	0	1	1	0	0
1SZ1	0	0	0	0	11	2	0	0
1T0K	0	4	0	0	8	1	0	0
1T2R	2	1	0	0	5	0	0	0
1T4L	5	0	0	0	2	0	0	0
1TFW	0	14	0	0	13	0	0	0
1TFY	0	4	0	0	3	1	0	0
1TTT	0	9	0	0	8	7	0	0
1U0B	0	4	0	0	10	1	0	0
1U1Y	0	0	0	0	0	0	13	0
1U63	0	2	0	0	0	0	0	0
1U6P	0	0	6	2	0	0	12	1
1ULL	27	1	0	0	11	0	0	0
1UN6	0	0	0	8	0	0	14	0
1UON	0	0	0	4	0	0	4	1
1URN	0	18	0	0	44	0	0	0
1UTD	0	25	0	2	53	0	5	0
1UVI	0	0	0	7	0	0	28	1
1UVJ	0	0	0	8	0	0	25	0
1UVL	0	0	0	3	0	0	30	0
1UVM	0	0	0	0	0	0	18	0
1UVN	0	0	0	3	0	0	6	0
1VFG	0	0	0	0	0	0	0	0
1VQ4	0	291	0	0	258	14	0	0
1VQ5	0	290	0	0	255	16	0	0
1VQ6	0	292	0	0	268	14	0	0
1VQ7	0	295	0	0	262	14	0	0
1VQ8	0	284	0	0	258	17	0	0
1VQ9	0	285	0	0	256	15	0	0
1VQK	0	291	0	0	269	17	0	0
1VQL	0	290	0	0	260	15	0	0
1VQM	0	289	0	0	252	15	0	0
1VQN	0	284	0	0	250	16	0	0
1VQO	0	291	0	0	255	15	0	0
1VQP	0	289	0	0	254	16	0	0
1VTM	0	0	0	0	5	0	0	0
1W2B	0	263	0	0	257	14	0	0
1WMQ	0	2	0	0	9	6	0	0
1WNE	0	4	0	0	3	0	0	0
1WPU	0	1	0	0	8	6	0	0
1WRQ	0	2	0	0	7	8	0	0
1WSU	0	3	0	0	9	0	0	0
1WWD	4	2	0	0	9	1	0	0
1WWE	3	2	0	0	6	1	0	0
1WWF	0	0	7	2	0	0	9	1
1WWG	7	2	0	0	12	1	0	0
1WZ2	0	9	0	0	18	1	0	0
1XMO	0	83	0	0	109	10	0	0
1XMQ	0	80	0	0	117	8	0	0
1XNQ	0	83	0	0	110	8	0	0
1XNR	0	83	0	0	103	6	0	0
1XPO	0	4	0	0	24	0	0	0
1XPR	0	2	0	0	22	0	0	0
1XPU	0	10	0	0	30	0	0	0
1Y1W	0	1	0	0	3	0	0	0
1Y39	0	5	0	0	10	0	0	0
1Y69	0	8	0	0	15	1	0	0
1Y77	0	1	0	0	4	0	0	0
1YHQ	0	286	0	0	258	14	0	0
1YI2	0	291	0	0	253	14	0	0
1YIJ	0	287	0	0	261	16	0	0
1YIT	0	295	0	0	273	16	0	0
1YJ9	0	291	0	0	253	11	0	0
1YJN	0	297	0	0	263	15	0	0
1YJW	0	294	0	0	259	14	0	0
1YSH	0	10	0	0	20	1	0	0
1YTU	0	9	0	0	12	0	0	0
1YTY	0	6	0	0	16	0	0	0
1YYK	0	1	0	0	0	0	0	0
1YYO	0	1	0	0	1	0	0	0
1YYW	0	2	0	0	3	0	0	0
1YZ9	0	1	0	0	0	0	0	0
1ZBH	0	0	0	0	7	0	0	0
1ZBI	0	10	0	0	2	0	0	0
1ZBL	0	10	0	0	2	0	0	0
1ZBN	9	2	0	0	18	7	0	0
1ZDH	0	0	0	0	0	0	13	0
1ZDI	0	0	0	0	0	0	16	0
1ZE2	0	12	0	0	13	1	0	0
1ZH5	0	5	0	0	14	0	0	0
1ZHO	0	8	0	0	11	0	0	0
1ZJW	0	6	0	0	15	0	0	0
1ZL3	0	6	0	0	6	0	0	0
1ZSE	0	0	0	0	6	0	0	0
2A1R	0	4	0	0	10	0	0	0
2A8V	0	6	0	0	16	0	0	0
2A9X	6	0	0	0	14	1	0	0
2AB4	0	6	0	0	8	0	0	0
2AD9	5	3	0	0	12	1	0	0
2ADB	11	3	0	0	9	0	0	0
2ADC	20	5	0	0	21	0	0	0
2AKE	0	4	0	0	4	0	0	0
2ANN	0	3	0	0	3	1	0	0
2ANR	0	3	0	0	3	1	0	0
2ASB	0	5	0	0	16	1	0	0
2ATW	0	11	0	0	29	4	0	0
2AZ0	0	0	0	0	0	0	0	0
2AZX	0	8	0	0	10	0	0	0
2B2D	0	0	0	0	9	0	0	0
2B2E	0	0	0	0	9	1	0	0
2B2G	0	0	0	0	13	0	0	0
2B3J	0	0	0	0	39	0	0	0
2B63	0	1	0	0	4	0	0	0
2B6G	0	2	0	0	2	0	0	0
2BGG	0	0	0	7	0	0	17	1
2BH2	0	0	0	8	0	0	25	4
2BNY	0	0	0	0	0	0	8	0
2BQ5	0	0	0	0	0	0	15	0
2BS0	0	0	0	0	0	0	13	0
2BS1	0	0	0	0	0	0	11	0
2BTE	0	0	0	0	0	0	11	1
2BU1	0	0	0	0	0	0	4	0
2BX2	0	0	0	4	0	0	2	0
2BYT	0	0	0	4	0	0	15	0
2C06	0	0	10	3	0	0	3	2
2C0B	0	0	0	6	0	0	5	1
2C4Q	0	0	0	0	0	0	7	0
2C4R	0	0	0	4	0	0	7	1
2C4Y	0	0	0	0	0	0	4	0
2C4Z	0	0	0	0	0	0	4	0
2C50	0	0	0	0	0	0	11	0
2C51	0	0	0	0	0	0	8	0
2CJK	0	0	8	2	0	0	22	2
2CSX	0	2	0	0	11	2	0	0
2CT8	0	3	0	0	12	2	0	0
2CV0	0	13	0	0	17	0	0	0
2CV1	0	13	0	0	15	0	0	0
2CV2	0	12	0	0	20	0	0	0
2CZJ	0	0	0	16	0	0	48	8
2D3O	0	4	0	0	8	0	0	0
2D6F	0	0	0	0	1	0	0	0
2DB3	0	31	0	0	0	0	0	0
2DER	0	8	0	0	9	0	0	0
2DET	0	8	0	0	11	0	0	0
2DEU	0	12	0	0	23	0	0	0
2DLC	0	1	0	0	7	1	0	0
2DR2	0	5	0	0	6	0	0	0
2DR5	0	2	0	0	6	1	0	0
2DR7	0	1	0	0	3	1	0	0
2DR8	0	1	0	0	2	1	0	0
2DR9	0	6	0	0	4	1	0	0
2DRA	0	6	0	0	4	1	0	0
2DRB	0	6	0	0	4	1	0	0
2DU3	0	0	0	0	9	0	0	0
2DU4	0	0	0	0	9	0	0	0
2DU5	0	0	0	0	5	0	0	0
2DU6	0	0	0	0	2	0	0	0
2DVI	0	5	0	0	5	1	0	0
2DXI	0	14	0	0	17	0	0	0
2E2H	0	1	0	0	3	1	0	0
2E2I	0	4	0	0	9	0	0	0
2E2J	0	2	0	0	1	0	0	0
2E5L	0	75	0	0	104	8	0	0
2E9R	0	6	0	0	3	0	0	0
2E9T	0	6	0	0	2	0	0	0
2E9Z	0	4	0	0	2	1	0	0
2EC0	0	9	0	0	4	2	0	0
2ERR	8	1	0	0	18	2	0	0
2ESE	11	3	0	0	3	1	0	0
2EZ6	0	2	0	0	2	0	0	0
2F4V	0	72	0	0	88	5	0	0
2F8K	0	2	0	0	1	1	0	0
2F8S	0	1	0	0	6	2	0	0
2F8T	0	0	0	0	6	1	0	0
2FK6	0	2	0	0	4	1	0	0
2FMT	0	16	0	0	7	4	0	0
2FY1	9	2	0	0	17	1	0	0
2G4B	0	2	0	0	14	0	0	0
2G8F	0	2	0	0	1	0	0	0
2G8H	0	2	0	0	1	0	0	0
2G8I	0	2	0	0	1	0	0	0
2G8K	0	2	0	0	2	0	0	0
2G8U	0	2	0	0	2	0	0	0
2G8V	0	2	0	0	1	0	0	0
2G8W	0	2	0	0	1	0	0	0
2GIC	0	18	0	0	38	0	0	0
2GJW	0	2	0	0	29	0	0	0
2GO5	0	6	0	0	7	0	0	0
2GTT	0	85	0	0	124	2	0	0
2GXB	0	0	0	0	2	0	0	0
2HGH	29	3	0	0	15	0	0	0
2HHH	0	79	0	0	115	10	0	0
2HT1	0	0	0	0	5	0	0	0
2HVY	0	11	0	0	15	1	0	0
2HW8	0	2	0	0	1	0	0	0
2HYI	0	15	0	0	8	0	0	0
2I2Y	3	4	0	0	10	0	0	0
2I82	0	11	0	0	48	1	0	0
2IHX	2	3	0	0	15	2	0	0
2IX1	0	0	0	2	0	0	30	1
2IY5	0	0	0	2	0	0	12	0
2IZ8	0	0	0	0	0	0	11	0
2IZ9	0	0	0	0	0	0	9	0
2IZM	0	0	0	0	0	0	14	0
2IZN	0	0	0	0	0	0	11	0
2J0Q	0	0	0	14	6	0	0	0
2J0S	0	0	0	7	3	0	0	0
2J28	0	79	0	12	163	10	36	2
2J37	0	4	0	3	3	0	13	0
2JA5	0	0	0	0	0	0	4	0
2JA6	0	0	0	1	0	0	1	0
2JA7	0	0	0	0	2	0	0	0
2JA8	0	0	0	2	0	0	0	0
2JLU	0	0	0	6	0	0	8	0
2JLV	0	0	0	7	0	0	7	0
2JLW	0	0	0	6	0	0	6	0
2JLX	0	0	0	6	0	0	8	0
2JLY	0	0	0	6	0	0	7	0
2JLZ	0	0	0	6	0	0	5	0
2JPP	20	11	0	0	33	0	0	0
2JQ7	0	0	0	4	1	0	3	0
2KDQ	0	0	11	1	0	0	9	3
2KH9	0	0	6	0	0	0	11	1
2KM8	3	3	0	0	28	3	0	0
2KMJ	0	0	0	0	0	0	0	0
2KX5	5	1	0	0	4	1	0	0
2KXN	7	1	0	0	10	2	0	0
2L2K	0	0	8	1	0	0	0	0
2L3C	0	0	7	0	0	0	3	0
2L3J	0	0	15	1	0	0	1	0
2L41	0	0	5	0	0	0	8	0
2L5D	0	0	3	0	0	0	0	0
2LA5	8	7	0	0	12	0	0	0
2LBS	3	0	0	0	1	0	0	0
2LEB	0	0	12	2	0	0	14	0
2LEC	0	0	8	1	0	0	12	1
2LI8	0	0	8	5	0	0	19	1
2LUP	3	0	0	0	2	0	0	0
2M8D	5	4	0	0	17	0	0	0
2MB0	0	0	6	3	0	0	14	0
2MF0	0	0	37	28	0	0	70	0
2MF1	0	0	45	29	0	0	71	3
2MFC	6	5	10	8	11	0	24	0
2MFE	7	2	13	9	13	0	22	0
2MFF	2	3	9	9	6	1	23	1
2MFG	4	2	9	6	4	0	15	0
2MFH	4	2	3	6	3	0	13	0
2MGZ	0	0	18	3	0	0	35	1
2MJH	0	0	12	7	0	0	11	2
2MKI	0	0	7	1	0	0	15	1
2MKK	0	0	9	0	0	0	15	0
2MKN	0	0	12	3	0	0	1	0
2MQO	0	0	8	2	0	0	12	0
2MQP	0	0	8	3	0	0	16	0
2MQV	0	0	21	4	0	0	11	0
2MS0	9	2	19	5	5	0	9	1
2MS1	0	0	10	2	0	0	12	0
2MTV	0	0	4	2	0	0	4	0
2MXY	0	0	6	3	0	0	13	1
2MZ1	0	0	5	3	0	0	14	3
2N3O	0	0	10	2	0	0	15	0
2N7C	0	0	5	0	0	0	7	0
2N82	11	6	0	0	26	6	0	0
2N8L	0	0	3	4	0	0	4	1
2N8M	0	0	4	1	0	0	3	0
2NOQ	0	10	0	0	30	6	0	0
2NQP	0	1	0	0	5	1	0	0
2NR0	0	7	0	0	27	1	0	0
2NRE	0	1	0	0	2	0	0	0
2NUE	0	2	0	0	1	0	0	0
2NUF	0	2	0	0	1	0	0	0
2NUG	0	4	0	0	3	0	0	0
2NVQ	0	4	0	0	2	0	0	0
2NVT	0	1	0	0	3	0	0	0
2NVX	0	1	0	0	3	0	0	0
2NVZ	0	2	0	0	4	0	0	0
2O5I	0	4	0	0	11	2	0	0
2O5J	0	2	0	0	10	2	0	0
2OGM	0	0	0	0	1	0	0	0
2OM7	0	10	0	0	12	5	0	0
2OTJ	0	293	0	0	274	14	0	0
2OTL	0	288	0	0	270	14	0	0
2PJP	0	0	0	2	0	0	9	0
2PLY	0	2	0	0	11	0	0	0
2PPB	0	4	0	0	11	1	0	0
2PXB	0	0	0	0	2	0	0	0
2PXD	0	0	0	0	3	0	0	0
2PXE	0	0	0	0	2	0	0	0
2PXF	0	0	0	0	2	0	0	0
2PXK	0	0	0	0	4	1	0	0
2PXL	0	0	0	0	3	1	0	0
2PXP	0	0	0	0	3	1	0	0
2PXQ	0	0	0	0	0	0	2	0
2PXT	0	0	0	0	2	0	0	0
2PXU	0	0	0	0	4	0	0	0
2PXV	0	0	0	0	3	0	0	0
2PY9	0	4	0	0	8	3	0	0
2Q66	0	1	0	0	13	1	0	0
2QA4	0	263	0	0	250	13	0	0
2QEX	0	266	0	0	231	13	0	0
2QK9	0	9	0	0	3	0	0	0
2QKB	0	12	0	0	5	0	0	0
2QKK	0	58	0	0	17	0	0	0
2QUX	0	16	0	0	69	0	0	0
2R7R	0	2	0	0	7	0	0	0
2R7S	0	2	0	0	6	0	0	0
2R7T	0	2	0	0	6	0	0	0
2R7U	0	0	0	0	2	0	0	0
2R7V	0	1	0	0	2	0	0	0
2R7W	0	2	0	0	8	0	0	0
2R7X	0	4	0	0	20	0	0	0
2R7Y	0	5	0	0	1	0	0	0
2R7Z	0	2	0	0	2	0	0	0
2R8S	0	6	0	0	6	0	0	0
2R92	0	1	0	0	0	0	0	0
2R93	0	2	0	0	0	0	0	0
2RD2	0	4	0	0	16	0	0	0
2RE8	0	4	0	0	16	0	0	0
2RFK	0	3	0	0	7	0	0	0
2RKJ	0	8	0	0	8	0	0	0
2RQC	0	0	9	2	0	0	15	0
2RRA	0	0	11	1	0	0	15	1
2RS2	0	0	8	4	0	0	19	0
2RSK	2	0	0	0	26	4	0	0
2RU3	0	0	14	4	0	0	7	1
2RU7	11	5	0	0	12	1	0	0
2TMV	0	0	0	0	3	1	0	0
2UU9	0	87	0	0	125	7	0	0
2UUA	0	94	0	0	111	5	0	0
2UUB	0	88	0	0	115	8	0	0
2UUC	0	89	0	0	104	6	0	0
2UWM	0	0	0	2	0	0	11	0
2UXB	0	89	0	0	98	8	0	0
2UXC	0	88	0	0	109	8	0	0
2UXD	0	76	0	0	107	9	0	0
2V0G	0	0	0	0	0	0	11	0
2V3C	0	0	0	9	0	0	7	1
2VOD	0	0	0	6	0	0	19	0
2VON	0	0	0	6	0	0	19	0
2VOO	0	0	0	4	0	0	14	0
2VOP	0	0	0	3	0	0	8	0
2VPL	0	0	0	5	0	0	1	0
2VQE	0	85	0	0	105	5	0	0
2VQF	0	88	0	0	100	5	0	0
2VRT	0	0	0	12	0	0	7	0
2VUM	0	0	0	1	0	0	1	0
2W2H	0	0	0	0	0	0	14	0
2WJ8	0	0	0	40	0	0	140	0
2WW9	0	8	0	5	9	2	3	1
2WWA	0	8	0	3	12	2	3	0
2WWB	0	7	0	0	9	2	2	0
2WYY	0	0	0	40	0	0	60	0
2X1A	0	0	0	2	0	0	6	0
2X1F	0	0	0	0	0	0	8	0
2XB2	0	7	0	7	7	0	2	0
2XBM	0	0	0	2	0	0	2	0
2XC7	0	0	4	1	0	0	9	1
2XD0	0	9	0	10	65	4	60	5
2XDB	0	0	0	3	0	0	9	0
2XDD	0	0	0	11	0	0	72	5
2XFM	0	0	5	0	0	0	3	0
2XGJ	0	0	0	6	0	0	3	0
2XKV	0	0	0	0	3	0	0	0
2XLI	0	0	0	1	0	0	10	0
2XLJ	0	0	0	1	0	0	9	0
2XLK	0	0	0	2	0	0	24	1
2XNR	0	0	0	2	0	0	7	0
2XS2	0	0	0	2	0	0	11	0
2XS5	0	0	0	6	0	0	22	1
2XS7	0	0	0	2	0	0	11	0
2XXA	0	0	0	4	0	0	17	1
2XZL	0	0	0	8	0	0	7	0
2XZO	0	0	0	5	0	0	3	0
2Y8W	0	0	0	4	0	0	8	0
2Y8Y	0	0	0	2	0	0	3	0
2Y9H	0	1	0	19	4	2	30	2
2YH1	0	0	7	3	0	0	19	2
2YHM	0	0	0	28	0	0	43	0
2YJY	0	0	0	0	0	0	65	0
2YKG	0	0	0	4	0	0	4	0
2YKR	0	128	0	0	364	77	0	0
2YU9	0	3	0	0	2	0	0	0
2ZH1	0	0	0	1	0	0	5	2
2ZH2	0	0	0	1	0	0	2	2
2ZH3	0	0	0	2	0	0	7	1
2ZH4	0	0	0	3	0	0	6	1
2ZH5	0	0	0	2	0	0	7	1
2ZH6	0	0	0	5	0	0	4	1
2ZH7	0	0	0	1	0	0	5	2
2ZH8	0	1	0	0	3	2	0	0
2ZH9	0	0	0	1	0	0	3	2
2ZHA	0	0	0	1	0	0	4	1
2ZHB	0	0	0	1	0	0	4	1
2ZI0	0	0	0	2	0	0	14	0
2ZJP	0	4	0	93	12	2	159	14
2ZJQ	0	114	0	0	179	11	0	0
2ZJR	0	120	0	0	186	10	0	0
2ZM5	0	0	0	9	0	0	23	0
2ZM6	0	70	0	0	92	6	0	0
2ZNI	0	0	0	5	0	0	24	0
2ZUE	0	0	0	4	0	0	19	0
2ZUF	0	0	0	6	0	0	21	0
2ZXU	0	0	0	9	0	0	25	0
2ZZM	0	0	0	7	0	0	10	6
2ZZN	0	0	0	10	0	0	21	6
3A2K	0	0	0	13	0	0	18	1
3A6P	0	0	0	2	0	0	14	0
3ADB	0	0	0	4	0	0	15	0
3ADC	0	0	0	8	0	0	22	0
3ADD	0	0	0	4	0	0	11	0
3ADI	0	0	0	1	0	0	0	0
3AEV	0	0	0	3	0	0	12	0
3AGV	0	0	0	1	0	0	5	2
3AHU	0	0	0	2	0	0	23	0
3AKZ	0	0	0	13	0	0	43	1
3AL0	0	0	0	6	0	0	16	0
3AM1	0	0	0	4	0	0	9	0
3AMT	0	0	0	4	0	0	14	1
3AMU	0	0	0	4	0	0	11	0
3AOH	0	0	0	1	0	0	1	0
3AOI	0	0	0	1	0	0	2	0
3AVT	0	0	0	3	0	0	2	0
3AVU	0	0	0	6	0	0	6	0
3AVV	0	0	0	5	0	0	4	0
3AVW	0	0	0	4	0	0	5	0
3AVX	0	0	0	4	0	0	6	0
3AVY	0	0	0	5	0	0	1	0
3B0U	0	2	0	0	11	0	0	0
3B0V	0	6	0	0	6	0	0	0
3BBX	0	210	0	0	401	106	0	0
3BO0	0	0	0	0	1	0	0	0
3BO1	0	0	0	0	1	0	0	0
3BOY	0	1	0	0	18	12	0	0
3BSB	0	0	0	0	42	0	0	0
3BSN	0	0	0	4	0	0	3	0
3BSO	0	0	0	4	0	0	2	0
3BSU	0	0	0	19	0	0	0	0
3BSX	0	0	0	0	0	0	89	0
3BT7	0	0	0	7	0	0	2	0
3BX2	0	0	0	0	0	0	71	0
3BX3	0	0	0	0	61	0	0	0
3CC2	0	0	0	276	0	0	262	14
3CC4	0	0	0	274	0	0	283	16
3CC7	0	0	0	271	0	0	270	15
3CCE	0	0	0	275	0	0	263	12
3CCJ	0	0	0	242	0	0	274	20
3CCL	0	0	0	270	0	0	247	13
3CCM	0	0	0	274	0	0	262	18
3CCQ	0	0	0	272	0	0	260	13
3CCR	0	0	0	261	0	0	271	15
3CCS	0	0	0	262	0	0	266	17
3CCU	0	0	0	271	0	0	263	14
3CCV	0	0	0	273	0	0	263	12
3CD6	0	0	0	260	0	0	285	13
3CF5	0	3	0	113	11	1	168	12
3CIY	0	2	0	0	2	0	0	0
3CMA	0	0	0	269	0	0	266	17
3CME	0	0	0	269	0	0	283	17
3CPW	0	281	0	0	248	16	0	0
3CXC	0	291	0	0	265	16	0	0
3CZ3	0	9	0	0	22	0	0	0
3D2S	0	0	0	9	0	0	29	0
3DD2	0	0	0	2	0	0	6	0
3DEG	0	6	0	0	5	2	0	0
3DH3	0	0	0	16	0	0	34	0
3DLL	0	119	0	0	192	13	0	0
3E2E	0	0	0	10	0	0	24	0
3E3J	0	0	0	16	0	0	29	3
3EPH	0	0	0	7	0	0	38	0
3EPJ	0	0	0	8	0	0	39	0
3EPK	0	0	0	7	0	0	37	0
3EPL	0	0	0	6	0	0	25	0
3EQT	0	0	0	5	0	0	10	0
3ER9	0	0	0	1	0	0	8	1
3ERC	0	0	0	2	0	0	29	1
3EX7	0	0	0	15	0	0	6	1
3F73	0	0	0	22	0	0	13	0
3FHT	0	0	0	11	0	0	4	0
3FOZ	0	0	0	8	0	0	23	0
3FTF	0	0	0	1	0	0	1	0
3G0H	0	0	0	6	0	0	1	0
3G4S	0	247	0	11	237	14	16	1
3G6E	0	272	0	10	260	15	21	0
3G71	0	273	0	9	256	16	19	0
3G9Y	0	0	0	1	0	0	9	0
3GIB	0	0	0	6	0	0	28	0
3GPQ	0	0	0	8	0	0	6	0
3GTG	0	0	0	2	0	0	4	0
3GTJ	0	0	0	1	0	0	0	0
3GTL	0	0	0	1	0	0	6	0
3GTM	0	0	0	2	0	0	1	0
3GTO	0	0	0	2	0	0	5	0
3GTP	0	0	0	2	0	0	2	1
3GTQ	0	0	0	1	0	0	4	0
3H3V	0	0	0	2	0	0	1	0
3H5X	0	0	0	4	0	0	3	0
3H5Y	0	0	0	4	0	0	3	0
3HAX	0	0	0	12	0	0	22	1
3HAY	0	0	0	11	0	0	18	0
3HHZ	0	0	0	13	0	0	31	0
3HJF	0	0	0	13	0	0	4	0
3HJW	0	0	0	11	0	0	16	2
3HJY	0	0	0	5	0	0	7	2
3HK2	0	0	0	26	0	0	14	0
3HL2	0	0	0	0	0	0	5	0
3HM9	0	0	0	12	0	0	3	0
3HO1	0	0	0	11	0	0	2	0
3HOU	0	0	0	4	0	0	2	0
3HOV	0	0	0	2	0	0	1	0
3HOW	0	0	0	1	0	0	3	0
3HOX	0	0	0	2	0	0	2	0
3HOY	0	0	0	2	0	0	6	0
3HOZ	0	0	0	1	0	0	3	0
3HSB	0	0	0	3	0	0	40	0
3HTX	0	0	0	8	0	0	14	0
3HVR	0	0	0	27	0	0	8	0
3HXM	0	0	0	9	0	0	3	0
3I4M	0	0	0	3	0	0	3	0
3I4N	0	0	0	2	0	0	3	0
3I55	0	262	0	10	244	12	20	0
3I56	0	0	0	275	0	0	260	16
3I5X	0	0	0	9	0	0	4	1
3I5Y	0	0	0	7	0	0	4	0
3I61	0	0	0	8	0	0	3	1
3I62	0	0	0	9	0	0	2	0
3IAB	0	0	0	3	0	0	32	1
3ICE	0	0	0	9	0	0	1	0
3ICQ	0	0	0	4	0	0	13	1
3ID5	0	0	0	9	0	0	16	0
3IE1	0	0	0	13	0	0	26	0
3IEV	0	0	0	6	0	0	13	1
3IVK	0	0	0	4	2	0	28	4
3IYQ	0	12	0	0	15	4	0	0
3IYR	0	14	0	0	21	0	0	0
3IZ4	0	9	0	0	9	0	0	0
3IZZ	0	1	0	0	2	0	0	0
3J06	0	0	0	0	0	0	4	0
3J0D	0	6	0	0	5	0	0	0
3J0E	0	1	0	0	2	0	0	0
3J0L	0	23	0	3	20	7	1	3
3J0O	0	13	0	3	14	1	1	3
3J0P	0	29	0	2	28	25	1	1
3J0Q	0	29	0	3	35	33	2	0
3J16	0	15	0	0	23	0	21	0
3J3V	0	108	0	10	205	11	37	3
3J3W	0	99	0	0	199	19	0	0
3J45	0	0	0	11	0	0	12	4
3J46	0	0	0	11	0	0	17	4
3J5L	0	162	0	19	203	8	32	2
3J5S	0	7	0	0	21	2	0	0
3J5Y	0	0	0	1	0	0	3	1
3J7A	0	142	0	0	195	14	1	0
3J7Y	0	178	0	0	368	12	0	0
3J7Z	0	160	0	26	226	7	43	1
3J80	0	162	0	0	230	8	0	0
3J81	0	152	0	0	249	14	4	1
3J8G	0	96	0	0	212	24	0	0
3J9B	0	0	0	0	0	0	3	0
3JAM	0	178	0	0	261	12	0	0
3JAP	0	145	0	0	220	17	0	0
3JAQ	0	139	0	0	228	16	0	0
3JB7	0	0	0	1	0	0	2	0
3JD5	0	43	0	0	149	6	0	0
3K49	0	0	0	6	0	0	137	1
3K4E	0	0	0	6	0	0	109	0
3K5Q	0	0	0	0	0	0	38	0
3K5Y	0	0	0	0	0	0	37	0
3K5Z	0	0	0	0	0	0	36	0
3K61	0	0	0	0	0	0	34	0
3K62	0	0	0	0	0	0	38	0
3K64	0	0	0	0	0	0	36	0
3KFU	0	0	0	14	0	0	50	3
3KLV	0	0	0	4	0	0	3	0
3KMQ	0	0	0	5	0	0	1	0
3KMS	0	0	0	6	0	0	2	0
3KNA	0	0	0	4	0	0	1	0
3KOA	0	0	0	5	0	0	2	0
3KS8	0	0	0	0	6	0	0	0
3KTV	0	0	0	10	0	0	3	0
3KTW	0	0	0	9	0	0	14	0
3L25	0	0	0	0	0	0	7	0
3L26	0	0	0	0	0	0	1	0
3LQX	0	0	0	0	0	0	3	1
3LRN	0	0	0	0	0	0	1	0
3LRR	0	0	0	0	0	0	2	0
3LWO	0	0	0	9	0	0	16	0
3LWP	0	0	0	9	0	0	13	1
3LWQ	0	0	0	9	0	0	14	2
3LWR	0	0	0	9	0	0	13	0
3LWV	0	0	0	9	0	0	13	1
3M3Y	0	0	0	2	0	0	4	0
3M4O	0	0	0	3	0	0	3	0
3MDG	0	0	0	2	0	0	7	1
3MDI	0	0	0	2	0	0	8	1
3MJ0	0	0	0	0	0	0	1	0
3MOJ	0	3	0	0	7	1	0	0
3MQK	0	0	0	4	0	0	6	1
3NCU	0	0	0	1	0	0	1	0
3NDB	0	0	0	4	0	0	6	1
3NL0	0	0	0	4	0	0	2	0
3NMA	0	0	0	2	0	0	0	0
3NMR	0	0	0	1	0	0	11	1
3NMU	0	5	0	7	8	0	20	3
3NNA	0	0	0	1	0	0	9	1
3NNC	0	0	0	2	0	0	13	0
3NNH	0	0	0	9	0	0	40	1
3NVI	0	0	0	12	0	0	27	0
3NVK	0	0	0	10	0	0	17	1
3O3I	0	0	0	2	0	0	2	0
3O8C	0	0	0	3	0	0	7	0
3O8R	0	0	0	2	0	0	7	0
3OG8	0	0	0	0	0	0	11	0
3OIJ	0	0	0	9	0	0	23	0
3OIN	0	0	0	5	0	0	13	0
3OL6	0	0	0	21	0	0	23	0
3OL7	0	0	0	19	0	0	27	4
3OL8	0	0	0	21	0	0	28	4
3OL9	0	0	0	16	0	0	14	0
3OLA	0	0	0	18	0	0	23	0
3OLB	0	0	0	20	0	0	20	4
3OTO	0	80	0	0	93	4	0	0
3OUY	0	0	0	9	0	0	12	1
3OV7	0	0	0	10	0	0	12	1
3OVA	0	0	0	5	0	0	5	1
3OVB	0	0	0	10	0	0	10	2
3OVS	0	0	0	8	0	0	11	2
3OW2	0	285	0	0	259	17	0	0
3P6Y	0	0	0	10	0	0	45	6
3PDM	3	0	0	0	6	1	0	0
3PEW	0	0	0	5	0	0	0	0
3PEY	0	0	0	5	0	0	1	0
3PF4	0	0	0	0	0	0	14	0
3PF5	0	0	0	0	0	0	18	0
3PIO	0	105	0	0	144	10	0	0
3PIP	0	116	0	0	176	10	0	0
3PKM	0	0	0	0	0	0	33	0
3PLA	0	0	0	20	0	0	40	0
3PO2	0	0	0	2	0	0	16	0
3PO3	0	0	0	1	0	0	0	0
3PTX	0	0	0	13	0	0	39	0
3PU0	0	0	0	14	0	0	29	0
3PU1	0	0	0	12	0	0	40	2
3PU4	0	0	0	18	0	0	30	0
3Q0L	0	0	0	0	0	0	84	0
3Q0M	0	0	0	0	0	0	86	0
3Q0N	0	0	0	0	0	0	74	0
3Q0O	0	0	0	0	0	0	61	0
3Q0P	0	0	0	0	0	0	74	0
3Q0Q	0	0	0	0	0	0	46	0
3Q0R	0	0	0	0	0	0	49	0
3Q0S	0	0	0	0	0	0	39	0
3Q1Q	0	1	0	0	4	0	0	0
3Q1R	0	0	0	0	3	0	0	0
3Q2T	0	0	0	3	0	0	13	0
3QG9	0	0	0	0	0	0	35	0
3QGB	0	0	0	0	0	0	33	0
3QGC	0	0	0	0	0	0	34	0
3QJJ	0	4	0	3	19	0	22	1
3QJL	0	3	0	7	19	1	33	3
3QJP	0	3	0	0	15	2	0	0
3QRP	0	0	0	3	0	0	7	0
3QRR	0	0	0	0	0	0	3	0
3QSU	0	0	0	0	0	0	34	0
3QSY	0	0	0	1	0	0	5	1
3R2C	0	0	27	7	0	0	36	3
3R2D	0	0	0	4	0	0	0	0
3R9W	0	0	0	7	0	0	15	2
3R9X	0	0	0	6	0	0	14	2
3RC8	0	0	0	4	0	0	3	0
3RER	0	0	0	1	0	0	25	0
3RTJ	0	4	0	0	5	1	0	0
3RZD	0	0	0	2	0	0	0	0
3RZO	0	0	0	2	0	0	0	0
3S14	0	0	0	3	0	0	0	0
3S15	0	0	0	2	0	0	1	0
3S16	0	0	0	2	0	0	0	0
3S17	0	0	0	3	0	0	1	0
3S1M	0	0	0	3	0	0	0	0
3S1N	0	0	0	2	0	0	0	0
3S1Q	0	0	0	3	0	0	0	0
3S1R	0	0	0	1	0	0	0	0
3S2D	0	0	0	3	0	0	0	0
3S2H	0	0	0	2	0	0	0	0
3S4G	0	0	0	0	0	0	1	0
3SN2	0	0	13	3	0	0	7	0
3SNP	0	0	0	10	0	0	17	0
3SQW	0	0	0	7	0	0	0	0
3SQX	0	0	0	7	0	0	0	0
3T1H	0	81	0	0	108	9	0	0
3T1Y	0	84	0	0	103	7	0	0
3T5N	0	0	0	8	0	0	15	0
3T5Q	0	0	0	45	0	0	85	0
3TRZ	0	0	0	42	0	0	255	4
3TS0	0	0	0	14	0	0	88	1
3TS2	0	0	0	14	0	0	72	2
3TUP	0	0	0	2	0	0	8	0
3TWH	0	0	0	3	0	0	1	0
3U2E	0	0	0	4	0	0	21	0
3U4M	0	0	0	2	0	0	1	0
3U56	0	0	0	2	0	0	1	0
3ULD	0	0	0	2	0	0	1	0
3UMY	0	0	0	3	0	0	2	0
3UZS	0	0	0	0	0	0	2	0
3UZT	0	0	0	1	0	0	6	0
3V11	0	0	0	0	0	0	10	2
3V6Y	0	0	0	2	0	0	41	0
3V71	0	0	0	2	0	0	24	0
3V74	0	0	0	2	0	0	41	0
3V7E	0	0	0	9	0	0	9	0
3VJR	0	0	0	4	0	0	2	2
3VNU	0	0	0	1	0	0	1	0
3VNV	0	0	0	2	0	0	1	0
3VYY	0	0	0	2	0	0	0	0
3W1K	0	0	0	6	0	0	8	1
3W3S	0	0	0	0	0	0	3	0
3WBM	0	0	0	3	0	0	1	0
3WC1	0	0	0	2	0	0	11	0
3WC2	0	0	0	4	0	0	12	0
3WFQ	0	4	0	0	15	0	0	0
3WFR	0	6	0	0	24	0	0	0
3WFS	0	4	0	0	17	0	0	0
3WQY	0	0	0	3	0	0	8	2
3WQZ	0	0	0	2	0	0	6	2
3WZI	0	0	0	4	0	0	5	1
3X1L	0	0	0	37	0	0	64	6
3ZD6	0	0	0	3	0	0	4	0
3ZD7	0	0	0	2	0	0	2	0
3ZGZ	0	0	0	12	0	0	26	0
3ZJT	0	0	0	0	0	0	11	0
3ZJU	0	0	0	0	0	0	10	0
3ZJV	0	0	0	0	0	0	9	0
3ZLA	0	0	0	4	0	0	64	3
3ZN8	0	0	0	0	2	0	3	0
484D	19	3	0	0	9	0	0	0
4A2I	0	95	0	0	128	28	0	0
4A2X	0	0	0	6	0	0	15	0
4A36	0	0	0	10	0	0	0	0
4A3B	0	0	0	2	0	0	0	0
4A3C	0	0	0	1	0	0	1	0
4A3D	0	0	0	1	0	0	1	0
4A3E	0	0	0	1	0	0	0	0
4A3F	0	0	0	1	0	0	1	0
4A3G	0	0	0	1	0	0	1	0
4A3J	0	0	0	2	0	0	1	0
4A3K	0	0	0	0	0	0	0	0
4A3L	0	0	0	1	0	0	0	0
4A3M	0	0	0	2	0	0	0	0
4A93	0	0	0	3	0	0	3	0
4ADV	0	95	0	0	136	25	0	0
4AFY	0	0	0	3	0	0	10	0
4AL5	0	0	22	3	0	0	14	1
4AL6	0	0	5	1	0	0	5	0
4AL7	0	0	3	1	0	0	6	0
4ALP	0	0	0	2	0	0	10	0
4AM3	0	0	0	5	0	0	22	3
4ANG	0	0	0	0	0	0	13	0
4AQ7	0	0	0	14	0	0	29	0
4AQY	0	82	0	0	102	9	0	0
4ARC	0	0	0	2	0	0	12	0
4ARI	0	0	0	0	0	0	9	0
4AS1	0	0	0	0	0	0	12	0
4ATO	0	0	0	2	0	0	16	0
4AY2	0	0	0	3	0	0	0	0
4B3G	0	0	0	5	0	0	12	1
4B3M	0	89	0	0	101	8	0	0
4B3O	0	0	0	1	0	0	1	0
4B3P	0	0	0	0	0	0	0	0
4B3Q	0	0	0	1	0	0	0	0
4B3R	0	92	0	0	106	7	0	0
4B3S	0	89	0	0	100	7	0	0
4B3T	0	91	0	0	99	8	0	0
4B8T	0	0	1	1	0	0	3	0
4BBS	0	0	0	2	0	0	3	0
4BHH	0	0	0	2	12	1	33	4
4BKK	0	46	0	0	136	0	0	0
4BOC	0	0	0	2	0	0	14	0
4BPB	0	0	0	4	0	0	5	0
4BS2	0	0	11	4	0	0	24	0
4BW0	0	4	0	0	8	0	0	0
4BWM	0	0	0	6	0	0	8	0
4BXX	0	0	0	2	0	0	8	0
4BY1	0	0	0	2	0	0	5	0
4BY7	0	0	0	1	0	0	3	0
4BY9	137	24	37	12	64	1	3	0
4C7O	0	0	0	0	0	0	10	0
4C8Y	0	0	14	3	0	0	6	2
4C8Z	0	0	11	3	0	0	5	0
4C9D	0	0	9	6	0	0	12	5
4CE4	0	39	0	12	88	1	24	2
4CIO	0	0	5	1	0	0	18	0
4CQN	0	0	0	13	0	0	31	0
4CSF	0	0	0	24	0	0	142	7
4CSU	0	120	0	28	194	16	106	7
4CXG	0	0	0	2	0	0	9	4
4CXH	0	0	0	2	0	0	10	3
4D25	0	0	0	7	0	0	0	0
4D26	0	0	0	7	0	0	1	0
4D5L	0	108	0	0	232	31	0	0
4DB2	0	0	20	13	0	0	1	0
4DR1	0	81	0	0	83	4	0	0
4DR2	0	95	0	0	105	4	0	0
4DR3	0	80	0	0	89	5	0	0
4DR4	0	90	0	0	95	4	0	0
4DR5	0	92	0	0	104	3	0	0
4DR6	0	89	0	0	96	5	0	0
4DR7	0	91	0	0	88	8	0	0
4DUY	0	82	0	0	93	4	0	0
4DUZ	0	78	0	0	96	3	0	0
4DV0	0	76	0	0	85	6	0	0
4DV1	0	68	0	0	84	5	0	0
4DV2	0	77	0	0	88	6	0	0
4DV3	0	77	0	0	100	6	0	0
4DV4	0	83	0	0	94	4	0	0
4DV5	0	77	0	0	89	6	0	0
4DV6	0	83	0	0	94	6	0	0
4DV7	0	86	0	0	96	6	0	0
4DWA	0	0	0	0	0	0	6	0
4DZS	0	0	0	0	0	0	64	0
4E78	0	1	0	0	1	0	0	0
4ED5	0	0	0	8	0	0	49	1
4ERD	0	0	0	0	0	0	31	2
4EYA	0	0	0	6	0	0	0	0
4F02	0	0	0	9	0	0	54	4
4F1N	0	0	0	14	0	0	21	0
4F3T	0	0	0	7	0	0	18	0
4FVU	0	0	0	2	0	0	5	0
4FWT	0	0	0	0	0	0	1	0
4FXD	0	0	6	7	0	0	0	0
4G0A	0	0	0	0	0	0	18	0
4G7O	0	0	0	13	0	0	41	3
4G9Z	0	3	0	0	4	0	0	0
4GCW	0	0	0	2	0	0	4	1
4GG4	0	0	0	0	0	0	6	0
4GKJ	0	92	0	0	97	5	0	0
4GKK	0	88	0	0	87	6	0	0
4GL2	0	0	19	9	0	0	6	0
4GV3	0	3	0	0	3	0	0	0
4GV6	0	3	0	0	3	0	0	0
4GV9	0	1	0	0	4	0	0	0
4GZY	0	0	0	0	0	0	1	0
4GZZ	0	0	0	0	0	0	1	0
4H5O	0	0	0	10	0	0	98	0
4H5P	0	0	0	8	0	0	50	0
4H8K	0	0	0	12	0	0	2	0
4HKQ	0	0	0	1	0	0	3	0
4HOR	0	0	0	0	0	0	8	0
4HOS	0	0	0	0	0	0	9	0
4HOT	0	0	0	0	0	0	6	0
4HT8	0	0	0	8	0	0	52	0
4HT9	0	0	0	4	0	0	30	0
4I67	0	0	0	1	0	0	4	1
4IG8	0	0	0	1	0	0	1	0
4IJS	0	0	0	1	0	0	45	1
4ILL	0	0	0	9	2	0	22	3
4ILM	0	2	0	33	9	0	75	15
4IO9	0	135	0	0	184	11	0	0
4IOA	0	137	0	0	179	7	0	0
4IOC	0	142	0	0	168	8	0	0
4IQX	0	0	0	4	0	0	4	0
4J1G	0	0	0	2	0	0	47	1
4J39	0	0	0	0	0	0	2	0
4J5V	0	0	0	0	0	0	3	0
4J7L	0	0	0	2	0	0	1	0
4JGN	0	0	0	2	0	0	6	0
4JI0	0	75	0	0	93	6	0	0
4JI1	0	84	0	0	117	5	0	0
4JI2	0	88	0	0	99	7	0	0
4JI3	0	88	0	0	87	5	0	0
4JI4	0	77	0	0	89	6	0	0
4JI5	0	84	0	0	105	5	0	0
4JI6	0	84	0	0	97	4	0	0
4JI7	0	87	0	0	99	4	0	0
4JI8	0	85	0	0	90	7	0	0
4JK0	0	0	0	3	0	0	3	0
4JNG	0	8	0	0	56	0	0	0
4JNX	0	0	0	1	0	0	16	0
4JV5	0	96	0	0	92	6	0	0
4JVH	0	0	0	2	0	0	6	1
4JVY	0	0	0	5	0	0	15	2
4JXX	0	0	0	6	0	0	14	1
4JXZ	0	0	0	5	0	0	14	0
4JYA	0	97	0	0	102	6	0	0
4JYZ	0	0	0	5	0	0	15	0
4JZV	0	0	0	0	0	0	3	0
4K0K	0	96	0	0	98	4	0	0
4K4S	0	0	0	11	0	0	12	0
4K4T	0	0	0	11	0	0	11	0
4K4U	0	0	0	6	0	0	6	2
4K4V	0	0	0	10	0	0	4	0
4K4W	0	0	0	7	0	0	9	2
4K4X	0	0	0	24	0	0	32	0
4K4Y	0	0	0	16	0	0	35	0
4K4Z	0	0	0	23	0	0	34	0
4K50	0	2	0	25	0	0	30	0
4KHP	0	101	0	0	102	6	0	0
4KJI	0	0	0	9	0	0	26	0
4KNQ	0	2	0	0	2	0	0	0
4KQ0	0	0	0	0	3	0	7	0
4KR2	0	0	0	1	0	0	10	0
4KR3	0	0	0	1	0	0	10	0
4KR6	0	0	0	6	0	0	14	2
4KR7	0	0	0	4	0	0	10	0
4KR9	0	0	0	3	0	0	11	1
4KRE	0	0	0	7	0	0	16	0
4KRF	0	0	0	9	0	0	14	0
4KTG	0	0	0	0	0	0	6	0
4KVB	0	70	0	0	72	6	0	0
4KXT	0	0	0	8	0	0	12	1
4KZD	0	0	0	1	0	0	14	0
4KZE	0	0	0	1	0	0	14	0
4KZX	0	1	0	113	4	1	212	18
4KZY	0	0	0	113	4	2	211	17
4KZZ	0	1	0	116	3	4	208	17
4L8H	0	0	0	2	0	0	7	0
4L8R	0	12	0	0	24	0	0	0
4LCK	0	0	0	7	0	0	3	0
4LF4	0	89	0	0	102	5	0	0
4LF5	0	82	0	0	88	5	0	0
4LF6	0	86	0	0	107	4	0	0
4LF7	0	82	0	0	102	5	0	0
4LF8	0	82	0	0	102	5	0	0
4LF9	0	84	0	0	103	5	0	0
4LFA	0	82	0	0	91	4	0	0
4LFB	0	87	0	0	101	5	0	0
4LFC	0	81	0	0	100	5	0	0
4LG2	0	0	0	0	0	0	4	0
4LGT	1	0	46	14	2	0	17	2
4LJ0	0	0	4	4	0	0	23	0
4LMZ	0	3	0	0	10	0	0	0
4LQ3	0	0	0	0	0	0	1	0
4M2Z	0	0	0	4	0	0	0	0
4M30	0	0	0	4	0	0	0	0
4M4O	0	0	0	1	0	0	6	0
4M59	0	0	0	1	0	0	35	2
4M6D	0	0	0	6	0	0	30	3
4M7A	0	0	0	11	0	0	42	0
4M7D	0	0	0	5	0	0	42	0
4MDX	0	0	0	2	0	0	10	0
4N0T	0	0	0	11	0	0	46	2
4N2Q	0	0	0	0	0	0	8	0
4N2S	0	0	0	0	0	0	5	0
4N48	0	0	0	2	0	0	0	2
4NGB	0	0	0	2	0	0	5	0
4NGC	0	0	0	2	0	0	5	0
4NGD	0	0	7	2	0	0	4	0
4NGF	0	0	0	5	0	0	40	0
4NGG	0	0	0	1	0	0	4	0
4NH3	0	0	0	2	0	0	7	0
4NH5	0	0	0	1	0	0	4	0
4NH6	0	0	0	1	0	0	5	0
4NHA	0	0	0	1	0	0	2	0
4NIA	0	0	0	0	3	0	15	0
4NKU	0	0	0	3	0	0	10	0
4NL3	0	0	0	0	0	0	62	0
4NXM	0	74	0	0	79	5	0	0
4NXN	0	82	0	0	89	5	0	0
4O26	0	0	0	7	0	0	18	0
4O8J	0	0	21	6	0	0	17	0
4OAU	0	0	0	0	0	0	11	0
4OAV	0	0	0	1	10	0	17	1
4OE1	0	0	0	1	0	0	31	2
4OHY	0	0	0	1	0	0	4	1
4OHZ	0	0	0	1	0	0	3	1
4OI0	0	0	0	1	0	0	4	1
4OI1	0	0	0	1	0	0	4	1
4OL8	0	2	0	1	5	0	4	0
4OLA	0	0	0	7	0	0	8	0
4OLB	0	0	0	8	0	0	9	1
4OO8	0	0	0	34	0	0	71	6
4OOG	0	0	0	3	0	0	10	0
4OQ8	0	0	0	0	0	0	2	0
4OQ9	0	0	0	0	0	0	30	0
4OX9	0	80	0	0	127	11	0	0
4P3E	0	7	0	0	9	0	0	0
4PDB	0	0	0	3	0	0	0	2
4PEH	0	0	0	0	0	0	24	0
4PEI	0	0	0	2	0	0	31	0
4PMI	0	0	0	0	6	0	0	0
4PMW	0	0	56	15	0	0	51	1
4PQU	0	0	0	3	0	0	10	0
4PUO	0	0	0	6	0	0	3	0
4PWD	0	0	0	4	0	0	0	0
4PY5	0	0	0	7	0	0	0	0
4Q0B	0	0	0	6	0	0	3	0
4Q5S	0	0	0	6	0	0	13	2
4Q5V	0	0	0	15	0	0	10	0
4Q9Q	0	0	0	1	0	0	15	1
4Q9R	0	0	0	1	0	0	14	2
4QEI	0	0	0	1	0	0	12	0
4QG3	0	0	0	3	0	0	2	0
4QI2	0	0	0	8	0	0	18	7
4QIK	0	0	0	0	0	0	2	0
4QIL	0	0	0	4	0	0	18	2
4QM6	0	0	0	2	0	0	27	2
4QOZ	0	9	0	0	32	0	0	0
4QPX	0	0	0	5	0	0	4	0
4QQB	0	8	0	0	69	4	0	0
4QU6	0	0	0	2	0	0	12	0
4QU7	0	0	0	6	0	0	26	0
4QVC	0	0	0	1	0	0	7	1
4QVD	0	0	0	3	0	0	7	1
4QVI	0	0	0	3	0	0	1	0
4QYZ	0	0	0	29	0	0	85	8
4R3I	0	0	0	4	0	0	6	0
4R8I	0	0	0	0	0	0	4	0
4RCJ	0	0	0	2	0	0	4	0
4RDX	0	0	0	5	0	0	8	0
4RMO	0	12	0	36	29	0	109	10
4RQF	0	0	0	0	1	0	0	0
4RWN	0	0	0	2	0	0	1	0
4RWO	0	2	0	0	0	0	0	0
4RWP	0	0	0	2	0	0	1	0
4S20	0	0	0	5	0	0	5	3
4S2X	0	0	0	0	0	0	7	0
4S2Y	0	0	0	0	0	0	4	0
4S3N	0	0	0	1	0	0	0	0
4TU0	0	0	0	10	0	0	7	0
4TUW	0	0	0	2	0	0	23	0
4TUX	0	0	0	2	0	0	15	0
4TV0	0	0	0	1	0	0	5	0
4TYW	0	0	14	7	0	0	0	0
4TYY	12	7	0	0	1	0	0	0
4TZ0	0	0	11	7	0	0	1	0
4TZ6	0	0	6	7	0	0	0	0
4TZP	0	0	0	2	0	0	13	7
4TZV	0	0	0	3	0	0	3	0
4TZW	0	0	0	5	0	0	4	0
4TZZ	0	0	0	12	0	0	14	0
4U67	0	0	0	137	0	0	175	7
4U7U	0	0	0	57	0	0	114	15
4U8T	0	0	0	12	0	0	56	0
4UE5	0	8	0	0	0	4	0	0
4UER	0	152	0	28	203	13	54	7
4UFT	0	0	0	0	0	0	2	0
4UN3	0	14	0	6	24	2	1	0
4UN4	0	14	0	5	28	2	0	0
4UN5	0	14	0	3	24	2	0	0
4UY8	0	159	0	28	218	6	50	1
4UYJ	0	0	0	2	0	0	5	1
4UYK	0	0	0	1	0	0	3	0
4V19	0	98	0	30	157	7	55	3
4V1M	0	0	0	1	0	0	1	0
4V1N	0	0	0	4	7	0	11	1
4V1O	0	0	0	4	7	0	11	1
4V2S	0	0	0	3	0	0	19	4
4W5N	0	0	0	10	0	0	15	0
4W5O	0	0	0	11	0	0	17	0
4W5Q	0	0	0	9	0	0	16	0
4W5R	0	0	0	8	0	0	10	0
4W5T	0	0	0	10	0	0	13	0
4WAL	0	0	0	4	0	0	14	3
4WAN	0	0	0	19	0	0	52	10
4WC2	0	0	0	1	0	0	2	0
4WC3	0	0	0	1	0	0	3	1
4WC4	0	0	0	0	0	0	1	0
4WC5	0	0	0	0	0	0	1	0
4WC6	0	0	0	1	0	0	3	1
4WC7	0	0	0	1	0	0	2	0
4WCE	0	145	0	0	166	9	0	0
4WF9	0	140	0	0	144	7	0	0
4WFA	0	148	0	0	166	7	0	0
4WFB	0	138	0	0	162	6	0	0
4WFN	0	0	0	130	0	0	173	13
4WJ3	0	0	0	1	0	0	40	4
4WJ4	0	0	0	2	0	0	10	2
4WKR	0	0	0	6	0	0	19	0
4WQS	0	0	0	5	0	0	12	1
4WSA	0	8	0	0	20	3	0	0
4WSB	0	0	0	6	0	0	13	2
4WTA	0	1	0	0	2	0	0	0
4WTC	0	1	0	0	5	0	0	0
4WTD	0	1	0	0	3	0	0	0
4WTE	0	1	0	0	3	0	0	0
4WTF	0	1	0	0	3	0	0	0
4WTG	0	1	0	0	2	1	0	0
4WTI	0	2	0	0	1	0	0	0
4WTJ	0	1	0	0	5	2	0	0
4WTK	0	2	0	0	3	1	0	0
4WTL	0	1	0	0	3	2	0	0
4WTM	0	2	0	0	2	1	0	0
4WZM	0	0	0	3	0	0	6	0
4WZQ	0	0	0	4	0	0	2	0
4X0B	0	0	0	1	0	0	3	0
4X2B	0	0	0	3	0	0	4	0
4X4N	15	2	23	2	1	0	8	4
4X4O	0	0	27	2	0	0	7	2
4X4P	0	0	42	5	0	0	11	4
4X4Q	0	0	22	2	0	0	9	2
4X4R	0	0	28	9	0	0	8	1
4X4S	0	0	25	8	0	0	6	2
4X62	0	82	0	0	97	4	0	0
4X64	0	79	0	0	88	2	0	0
4X65	0	80	0	0	89	4	0	0
4X66	0	79	0	0	91	5	0	0
4X67	0	0	0	2	0	0	0	0
4X6A	0	0	0	2	0	0	0	0
4X9E	0	0	0	0	0	0	15	0
4XBF	0	0	0	1	0	0	2	1
4XCO	47	11	0	0	11	3	0	0
4XJN	0	0	0	23	0	0	67	0
4XLN	0	0	0	18	0	0	56	5
4XLR	0	0	0	17	0	0	76	4
4XWW	0	0	0	8	0	0	21	0
4Y52	0	0	0	2	0	0	0	0
4Y7N	0	0	0	2	0	0	0	0
4Y91	0	0	0	0	0	0	34	0
4YCO	0	0	0	2	0	0	27	0
4YCP	0	0	0	0	0	0	10	0
4YHH	0	85	0	0	94	4	0	0
4YLN	0	0	0	16	0	0	76	1
4YLO	0	0	0	17	0	0	86	1
4YLP	0	0	0	19	0	0	91	4
4YVI	0	0	0	3	0	0	6	1
4YVJ	0	0	0	3	0	0	3	1
4YVK	0	0	0	3	0	0	2	2
4YY3	0	85	0	0	124	7	0	0
4YYE	0	0	0	16	0	0	16	3
4Z0C	0	0	0	0	0	0	34	0
4Z31	0	0	0	4	0	0	10	2
4Z4C	0	0	0	13	0	0	18	0
4Z4D	0	0	0	11	0	0	16	0
4Z4E	0	0	0	11	0	0	17	0
4Z4F	0	0	0	12	0	0	12	0
4Z4G	0	0	0	11	0	0	13	0
4Z4H	0	0	0	12	0	0	13	0
4Z4I	0	0	0	12	0	0	12	0
4Z7L	0	0	0	10	0	0	34	1
4ZDO	0	0	0	0	0	0	8	0
4ZDP	0	0	0	0	0	0	5	0
4ZLD	0	0	0	2	0	0	8	2
4ZLR	11	2	12	2	11	0	12	0
4ZT0	0	0	0	26	0	0	52	2
4ZT9	0	0	0	25	0	0	57	4
5A0T	0	0	0	8	0	0	19	0
5A0V	0	0	0	8	0	0	15	0
5A2Q	0	141	0	0	224	11	0	0
5A8L	0	6	0	1	19	1	2	0
5ADY	0	138	0	30	196	13	80	9
5AH5	0	0	0	4	0	0	28	2
5AJ3	0	62	0	0	158	4	0	0
5AKA	0	82	0	9	187	5	23	2
5AMQ	0	0	0	9	0	0	35	3
5AMR	0	0	0	5	0	0	20	2
5AN9	0	0	0	45	0	0	56	4
5ANB	0	0	0	38	0	0	58	3
5ANC	0	0	0	50	0	0	69	8
5AOR	0	0	0	16	0	0	34	0
5AOX	0	0	45	2	0	0	9	4
5AWH	0	0	0	22	0	0	27	0
5AXM	0	0	0	3	0	0	3	0
5AXN	0	0	0	3	0	0	4	0
5AXW	0	0	0	23	0	0	20	0
5B2O	0	0	0	34	0	0	32	2
5B2Q	0	0	0	34	0	0	35	1
5B2R	0	14	0	5	27	2	3	0
5B2S	0	14	0	5	27	2	3	0
5B2T	0	13	0	5	25	2	1	0
5B43	0	0	0	30	0	0	19	0
5B63	0	0	0	6	0	0	26	0
5BR8	0	88	0	0	97	4	0	0
5BS3	0	0	0	10	0	0	7	0
5BTE	0	1	0	1	3	0	3	0
5BUD	0	0	0	2	0	0	3	0
5BYM	0	0	0	0	0	0	43	0
5BZ1	0	0	0	0	0	0	41	0
5BZ5	0	0	0	0	0	0	39	0
5BZU	0	0	0	0	0	0	38	0
5BZV	0	0	0	0	0	0	46	0
5C3E	0	0	0	2	0	0	0	0
5C44	0	0	0	2	0	0	0	0
5C4A	0	0	0	3	0	0	0	0
5C4J	0	0	0	4	0	0	8	1
5C4X	0	0	0	5	0	0	1	0
5C9H	0	0	0	4	0	0	11	2
5CCB	0	0	26	0	0	0	7	0
5CCX	0	0	22	0	0	0	7	0
5CD1	0	0	47	9	0	0	37	2
5CD4	0	0	0	54	0	0	108	9
5CZZ	0	0	0	22	0	0	19	0
5D0A	0	0	0	2	0	0	0	0
5D0B	0	0	0	1	0	0	1	0
5D6G	0	0	0	3	0	0	3	0
5D8H	0	7	0	0	6	0	0	0
5DAR	0	14	0	0	18	0	0	0
5DCV	0	0	0	8	0	0	11	1
5DE5	0	15	0	0	9	4	0	0
5DE8	0	14	0	0	8	3	0	0
5DEA	0	16	0	0	10	4	0	0
5DET	0	0	0	7	0	0	21	0
5DM6	0	0	0	174	0	0	204	9
5DM7	0	0	0	166	0	0	203	13
5DNO	0	0	0	3	0	0	8	0
5DO4	0	0	0	3	0	0	7	1
5DTO	0	0	0	2	0	0	0	0
5DV7	0	1	0	0	1	0	0	0
5E02	0	0	0	3	0	0	4	0
5E08	0	0	0	3	0	0	16	1
5E17	0	0	0	4	0	0	17	1
5E18	0	0	0	5	0	0	21	1
5E3H	0	0	0	6	0	0	6	0
5E6M	0	0	0	2	0	0	38	0
5ED1	0	0	0	5	0	0	5	1
5ED2	0	0	0	11	0	0	11	0
5EEU	0	0	0	27	0	0	67	0
5EEV	0	0	0	28	0	0	70	0
5EEW	0	0	0	28	0	0	69	0
5EEX	0	0	0	28	0	0	72	0
5EEY	0	0	0	28	0	0	72	0
5EEZ	0	0	0	28	0	0	73	0
5EF0	0	0	0	27	0	0	75	0
5EF1	0	0	0	27	0	0	78	0
5EF2	0	0	0	28	0	0	77	0
5EF3	0	0	0	28	0	0	78	0
5EIM	0	0	0	2	0	0	16	1
5ELH	0	0	1	4	0	0	11	0
5ELK	0	0	4	5	0	0	12	0
5ELR	0	2	0	0	8	2	0	0
5ELS	0	0	0	7	0	0	15	4
5ELT	0	0	0	4	0	0	10	4
5ELX	0	0	0	5	0	0	0	0
5EMO	0	0	0	5	0	0	13	3
5EN1	0	0	0	0	0	0	12	1
5EX7	0	0	0	2	0	0	11	0
5F0Q	0	0	0	6	0	0	15	0
5F0S	0	0	0	6	0	0	13	0
5F5F	0	0	0	12	4	0	28	0
5F5H	0	0	0	5	0	0	13	0
5F6C	0	0	8	4	0	0	5	0
5F8G	0	0	0	4	0	0	3	0
5F8H	0	0	0	5	0	0	5	0
5F8I	0	0	0	5	0	0	5	0
5F8J	0	0	0	6	0	0	7	0
5F8L	0	0	0	4	0	0	3	0
5F8M	0	0	0	6	0	0	6	0
5F8N	0	0	0	4	0	0	4	0
5F98	0	0	0	27	0	0	30	0
5F9F	0	0	0	35	0	0	41	0
5F9H	0	0	0	34	0	0	6	0
5F9R	0	0	0	25	0	0	40	4
5FJ8	0	0	0	0	0	0	3	0
5FLM	0	0	0	3	0	0	4	0
5FLX	0	106	0	4	203	6	9	1
5FMZ	0	0	0	9	0	0	23	3
5FN1	0	0	7	0	0	0	2	0
5FQ5	63	14	20	5	27	2	0	0
5FVC	0	0	0	16	0	0	55	7
5FW1	66	17	23	5	26	2	2	0
5FW2	56	15	20	5	25	2	4	0
5FW3	65	15	23	5	26	1	3	0
5G2X	0	2	0	0	11	0	0	0
5G4U	0	24	0	0	39	1	0	0
5G4V	0	15	0	0	33	3	0	0
5GAD	0	193	0	0	201	11	0	0
5GAE	0	197	0	0	216	9	0	0
5GAF	0	194	0	0	199	11	0	0
5GAG	0	201	0	0	200	15	0	0
5GAH	0	193	0	0	198	11	0	0
5GJB	0	0	0	3	0	0	3	0
5GMF	0	0	0	12	0	0	27	3
5GMG	0	0	0	6	0	0	13	2
5GUH	0	0	0	2	0	0	5	0
5GXH	0	0	0	2	0	0	19	0
5GXI	0	0	0	2	0	0	13	0
5H0R	0	0	0	1	0	0	0	0
5H1K	0	0	0	7	0	0	35	0
5H1L	0	0	0	2	0	0	20	0
5H1S	0	112	0	0	234	8	0	0
5H3U	0	0	0	2	0	0	20	0
5H9E	0	1	0	41	1	0	118	11
5H9F	0	1	0	47	2	0	106	14
5HAB	0	0	0	7	0	0	12	0
5HC9	0	0	0	7	0	0	16	1
5HJZ	0	0	0	1	0	0	6	0
5HKC	0	0	0	0	0	0	2	0
5HKV	0	131	0	0	149	8	0	0
5HL7	0	109	0	25	122	6	27	1
5HO4	0	0	0	2	0	0	12	1
5HP2	0	0	0	5	0	0	6	1
5HP3	0	0	0	4	0	0	4	1
5HR6	0	1	0	6	2	1	14	0
5HR7	0	4	0	0	20	2	0	0
5HSW	0	0	0	1	0	0	2	0
5I2D	0	0	0	23	0	0	43	3
5I4A	0	0	0	8	0	0	24	0
5I8Q	0	0	0	7	0	0	14	0
5I9D	0	0	0	0	0	0	18	0
5I9F	0	0	0	0	0	0	14	0
5I9G	0	0	0	0	0	0	18	0
5I9H	0	0	0	0	0	0	12	0
5ID6	0	0	0	10	0	0	15	0
5IP2	0	0	0	0	0	0	6	0
5IPL	0	0	0	6	0	0	30	1
5IPM	0	0	0	4	0	0	29	2
5IPN	0	0	0	5	0	0	24	2
5IWA	0	0	0	91	0	0	97	7
5IYD	0	0	0	7	0	0	24	0
5J0M	0	0	17	3	0	0	4	0
5J1O	0	0	12	1	0	0	4	0
5J2W	0	0	14	3	0	0	5	0
5JAJ	0	0	0	10	0	0	6	0
5JB2	0	0	0	10	0	0	2	0
5JB3	0	95	0	0	121	22	0	0
5JBG	0	0	0	10	0	0	9	0
5JBH	0	96	0	1	111	18	1	0
5JBJ	0	0	0	6	0	0	7	0
5JC3	0	0	0	13	0	0	2	0
5JC7	0	0	0	13	0	0	1	0
5JCF	0	0	0	12	0	0	2	0
5JCH	0	0	0	12	0	0	2	0
5JJI	0	0	0	13	0	0	0	0
5JJK	0	0	0	13	0	0	2	0
5JJL	0	0	0	13	0	0	0	0
5JJU	0	0	0	1	0	0	6	2
5JRC	0	0	0	0	0	0	6	0
5JS1	0	0	0	6	0	0	9	0
5JVG	0	140	0	0	181	9	0	0
5JVH	0	134	0	0	177	12	0	0
5JXS	0	0	0	4	0	0	2	0
5K0Y	0	152	0	0	283	14	0	0
5K77	0	0	0	0	0	0	74	0
5K78	0	0	0	1	0	0	30	0
5KAL	0	0	1	0	0	0	2	0
5KI6	0	0	0	4	0	0	7	0
5KK5	0	0	0	21	0	0	10	0
5KL1	0	0	0	4	0	0	32	0
5KL8	0	0	0	3	0	0	41	0
5KLA	0	0	14	0	0	0	36	0
5L1Z	0	0	0	0	0	0	1	2
5L2L	5	2	43	18	9	0	123	0
5LL6	0	82	0	0	126	5	0	0
5LM7	0	0	0	6	0	0	53	4
5LMN	0	105	0	0	131	8	2	0
5LMO	0	86	0	0	107	6	0	0
5LMP	0	78	0	0	112	5	2	0
5LMQ	0	83	0	2	114	6	6	0
5LMR	0	89	0	0	120	6	1	0
5LMS	0	62	0	1	110	8	7	0
5LMT	0	92	0	1	119	10	6	1
5LMU	0	88	0	2	102	8	3	0
5LMV	0	90	0	2	110	10	3	1
5LTA	0	0	0	4	0	0	6	1
5M0I	0	0	0	2	0	0	12	0
5M0J	0	0	0	1	0	0	7	0
5M3F	0	0	0	0	0	0	1	0
5M3H	0	0	0	8	0	0	17	2
5M3J	0	0	0	7	0	0	18	4
5M5X	0	0	0	2	0	0	3	0
5M5Y	0	0	0	2	0	0	2	0
5M64	0	0	0	1	0	0	1	0
5M73	0	16	0	0	31	0	0	0
5M8I	0	0	8	2	0	0	7	0
5ME0	0	121	0	4	126	15	26	12
5ME1	0	111	0	3	123	15	16	6
5MFX	0	0	0	3	0	0	3	0
5MGA	0	0	0	25	0	0	20	0
5MLC	0	160	0	0	206	13	0	0
5MMI	0	146	0	44	191	4	62	2
5MMJ	0	83	0	0	95	3	0	0
5MS0	0	0	0	11	3	1	6	4
5MSG	0	0	0	6	0	0	22	5
5MY1	0	71	0	0	82	4	0	0
5N61	0	0	0	3	0	0	3	2
5N94	0	0	0	8	0	0	8	2
5NEW	0	0	0	4	0	0	18	0
5NG6	0	0	0	47	0	0	66	1
5NO2	0	52	0	0	66	4	0	0
5NO3	0	51	0	0	67	6	0	0
5NO4	0	61	0	0	75	3	0	0
5NPM	0	0	0	1	0	0	1	0
5NRG	0	140	0	0	160	8	0	0
5NS3	0	0	0	2	0	0	5	0
5NS4	0	0	0	2	0	0	5	0
5O1Y	0	0	0	1	0	0	10	0
5O1Z	0	0	0	1	0	0	15	0
5O20	0	0	0	1	0	0	12	0
5O3J	0	0	0	1	0	0	2	0
5O58	0	0	0	0	0	0	4	3
5O5J	0	69	0	0	85	4	1	0
5O60	0	183	0	2	215	5	10	1
5O6U	0	19	0	3	54	2	16	0
5O7H	0	21	0	0	51	3	0	0
5OA3	0	134	0	1	214	16	9	0
5OC6	0	0	0	0	0	0	1	0
5ODV	0	0	143	0	0	0	24	0
5OIK	0	0	0	2	0	0	13	0
5OLA	0	0	0	3	0	0	23	0
5OMW	0	0	0	15	0	0	29	0
5ON2	0	0	0	14	0	0	27	0
5ON3	0	0	0	13	0	0	28	0
5ONH	0	0	0	14	0	0	30	0
5OOL	0	180	0	0	366	7	0	0
5OOM	0	157	0	0	334	10	0	0
5OPT	0	0	0	103	0	0	234	16
5OSG	0	0	0	0	6	0	13	0
5OT2	0	0	0	3	0	0	2	0
5SUP	0	0	0	20	0	0	0	0
5SWM	0	0	0	1	0	0	2	0
5SZE	0	0	0	1	0	0	4	0
5T16	0	0	0	8	0	0	38	0
5T7B	0	6	0	0	12	0	0	0
5T8Y	0	0	0	1	0	0	0	0
5TF6	0	0	0	19	0	0	80	2
5THE	0	0	0	24	0	0	27	0
5TZS	0	39	0	0	17	12	0	0
5U07	0	7	0	22	15	2	60	2
5U0A	0	6	0	30	16	1	95	1
5U30	0	0	0	35	0	0	42	1
5U31	0	0	0	37	0	0	42	0
5U33	0	0	0	37	0	0	37	0
5U34	0	0	0	10	0	0	20	1
5U4J	0	24	0	0	24	1	0	0
5U9B	0	0	14	4	0	0	19	0
5UD5	0	0	0	6	0	0	13	5
5UDI	0	0	6	0	0	0	6	0
5UDJ	0	0	6	0	0	0	6	0
5UDK	0	0	7	0	0	0	6	0
5UDL	0	0	6	0	0	0	6	0
5UDZ	0	0	0	13	0	0	87	1
5UH5	0	0	0	6	0	0	19	1
5UH6	0	0	0	5	0	0	13	1
5UH8	0	0	0	6	0	0	18	1
5UH9	0	0	0	6	0	0	15	1
5UHC	0	0	0	5	0	0	20	1
5UJ2	0	1	0	0	2	0	0	0
5US2	0	2	0	0	1	0	0	0
5USA	0	2	0	0	1	0	0	0
5USE	0	1	0	0	1	0	0	0
5USG	0	1	0	0	2	0	0	0
5UX0	0	0	0	5	0	0	21	1
5UZ4	0	60	0	0	99	17	0	0
5UZ9	0	0	0	20	0	0	45	3
5UZZ	4	1	0	0	3	0	0	0
5V6X	0	0	0	6	0	0	15	5
5V7C	0	0	0	1	0	0	11	0
5V7Q	0	90	0	7	158	6	22	0
5VAJ	0	7	0	0	2	0	0	0
5VI5	0	10	0	0	27	0	0	0
5VM9	0	0	0	11	0	0	29	2
5VO8	0	0	0	8	0	0	19	2
5VOE	0	0	0	1	0	0	3	0
5VOF	0	0	0	1	0	0	4	0
5VSU	0	0	0	13	0	0	56	1
5VT0	0	0	0	0	0	0	12	0
5VVR	0	0	0	3	0	0	6	1
5VVS	0	0	0	0	0	0	3	1
5VW1	0	0	0	16	0	0	29	2
5VZL	0	14	0	0	28	2	0	0
5W0M	0	0	11	3	0	0	22	0
5W0O	0	0	0	1	0	0	15	0
5W1H	0	0	0	3	0	0	36	3
5W1I	0	6	0	0	74	2	0	0
5W3V	0	0	0	12	0	0	54	0
5W4U	0	0	0	2	0	0	0	0
5W51	0	0	0	2	0	0	0	0
5W5H	0	0	12	0	0	0	14	0
5W5I	0	0	13	0	0	0	14	0
5W5Y	0	0	0	5	0	0	9	1
5W64	0	0	0	9	0	0	14	1
5W65	0	0	0	10	0	0	9	1
5W66	0	0	0	7	0	0	5	0
5W6V	0	0	0	6	0	0	12	0
5W7N	0	1	0	0	1	0	0	0
5W7O	0	1	0	0	2	0	0	0
5WEA	0	0	0	7	0	0	8	0
5WJR	0	2	0	0	2	0	0	0
5WLH	0	0	0	4	0	0	48	3
5WNP	0	84	0	0	91	4	0	0
5WNQ	0	78	0	0	89	4	0	0
5WNR	0	77	0	0	91	6	0	0
5WNS	0	77	0	0	88	4	0	0
5WNT	0	86	0	0	84	4	0	0
5WNU	0	83	0	0	82	4	0	0
5WNV	0	86	0	0	91	5	0	0
5WQE	0	0	0	6	0	0	14	0
5WS2	0	0	0	8	0	0	14	0
5WT1	0	0	0	12	0	0	25	6
5WT3	0	0	0	7	0	0	7	3
5WTI	0	10	0	23	12	0	27	1
5WTK	0	0	0	1	0	0	10	1
5WTY	0	0	0	1	0	0	61	0
5WWE	0	0	0	1	0	0	12	0
5WWF	0	0	0	2	0	0	28	0
5WWG	0	0	0	2	0	0	14	0
5WWR	0	0	0	14	0	0	44	4
5WWS	0	19	0	0	45	4	0	0
5WWT	0	10	0	7	21	2	24	2
5WWW	0	0	0	2	0	0	12	0
5WWX	0	0	0	2	0	0	9	0
5WZG	0	0	0	1	0	0	38	0
5WZH	0	0	0	1	0	0	37	0
5WZI	0	0	0	1	0	0	34	0
5WZJ	0	0	0	1	0	0	44	0
5WZK	0	0	0	1	0	0	30	0
5X21	0	0	0	7	0	0	22	1
5X22	0	0	0	14	0	0	40	1
5X2G	0	0	0	23	0	0	24	0
5X2H	0	0	0	23	0	0	22	0
5X3Z	0	0	11	1	0	0	11	1
5X6B	0	0	0	3	0	0	15	2
5X70	0	0	0	0	0	0	2	0
5X8R	0	13	0	47	12	0	84	8
5X8T	0	6	0	114	5	2	209	9
5XBL	0	0	0	12	0	0	32	3
5XC6	0	0	0	6	0	0	5	0
5XH6	0	0	0	30	0	0	21	0
5XH7	0	0	0	30	0	0	23	0
5XJ2	0	0	0	1	0	0	1	0
5XLO	0	0	0	9	0	0	28	0
5XLP	0	0	0	7	0	0	11	0
5XOW	0	0	0	16	0	0	10	0
5XPA	0	0	0	8	0	0	4	0
5XPG	0	0	0	18	0	0	10	0
5XTM	0	0	0	10	0	0	15	1
5XUS	0	0	0	27	0	0	22	1
5XUT	0	0	0	26	0	0	23	0
5XUU	0	0	0	28	0	0	25	1
5XUZ	0	0	0	56	0	0	41	1
5XWP	0	10	0	6	23	0	25	1
5XWY	0	0	0	7	0	0	27	0
5XXU	0	148	0	0	177	12	0	0
5XYI	0	140	0	0	156	4	0	0
5XYM	0	132	0	15	151	7	20	0
5XYU	0	60	0	0	91	3	0	0
5Y36	0	0	0	17	0	0	38	4
5Y58	0	0	0	16	1	0	23	9
5Y6Z	0	0	0	8	0	0	11	1
5Y7M	0	0	0	8	6	0	21	0
5YKI	0	0	0	0	0	0	45	0
5YTS	0	0	0	0	0	0	13	0
5YTT	0	0	0	0	0	0	11	2
5YTV	0	0	0	0	0	0	15	0
5YTX	0	0	0	0	0	0	14	0
5YYN	0	0	0	6	0	0	26	0
5Z3G	0	116	0	0	245	11	0	0
5Z4A	3	0	0	0	5	0	0	0
5Z4D	0	0	5	1	0	0	7	0
5Z4J	0	0	4	1	0	0	6	0
5Z98	0	0	0	2	0	0	7	0
5Z9W	0	0	0	1	0	0	0	0
5Z9X	0	0	0	2	0	0	0	0
5ZC9	0	0	0	7	0	0	1	0
5ZET	0	18	0	132	37	1	197	6
5ZEU	0	67	0	0	106	5	0	0
5ZEY	0	0	0	0	7	0	0	0
5ZKJ	0	0	34	7	0	0	5	0
5ZQ0	0	0	0	4	0	0	17	0
5ZQ1	0	0	0	3	0	0	6	1
5ZQ8	0	0	0	8	0	0	32	0
5ZSA	0	0	0	6	0	0	17	2
5ZSB	0	0	0	6	0	0	14	2
5ZSC	0	0	0	6	0	0	12	2
5ZSD	0	0	0	6	0	0	14	2
5ZSE	0	0	0	4	0	0	14	2
5ZSL	0	0	0	6	0	0	11	2
5ZSM	0	0	0	4	0	0	17	2
5ZSN	0	0	0	6	0	0	9	2
5ZTH	0	0	0	3	0	0	5	1
5ZTM	0	0	0	6	0	0	1	0
5ZUU	0	0	0	12	0	0	3	0
5ZW4	0	0	0	0	0	0	2	0
5ZX2	0	0	0	8	0	0	29	0
6A4E	0	0	0	2	0	0	17	0
6A5L	0	19	0	8	0	0	3	2
6A5O	0	53	0	1	0	0	3	0
6A5P	0	28	0	1	0	0	3	0
6A5R	0	25	0	1	0	0	1	0
6A5T	0	19	0	1	0	0	3	2
6A5U	0	19	0	8	0	0	2	2
6A6J	0	0	0	0	0	0	18	0
6A6L	0	0	0	0	0	0	10	1
6AAX	0	0	0	4	0	0	26	0
6AAY	0	0	0	6	0	0	36	0
6AEB	0	44	0	0	63	5	0	0
6AEG	0	23	0	0	36	2	0	0
6AGB	0	7	0	0	77	4	0	0
6AH3	0	13	0	1	67	4	10	0
6AHR	0	6	0	0	55	1	0	0
6AHU	0	13	0	0	59	4	3	0
6AI6	0	0	0	19	0	0	26	2
6AJK	0	0	0	2	0	0	12	0
6ALF	0	2	0	0	11	0	0	0
6ALG	0	4	0	0	11	1	0	0
6ALH	0	0	0	0	13	1	0	0
6AR1	0	0	0	4	0	0	4	0
6AR3	0	0	0	4	0	0	4	0
6ASO	0	0	0	12	0	0	61	2
6ASX	0	2	0	0	6	0	0	0
6AZ1	0	0	0	167	0	0	281	7
6B0B	0	0	0	0	0	0	8	0
6B14	0	0	0	1	0	0	13	1
6B19	0	0	0	1	0	0	0	0
6B3K	0	0	0	1	0	0	15	1
6B44	0	0	0	20	0	0	81	2
6B45	0	0	0	16	0	0	53	6
6B46	0	0	0	21	0	0	47	2
6B47	0	0	0	28	0	0	52	8
6B48	0	0	0	20	0	0	44	2
6B6H	0	0	47	17	0	0	38	1
6BBO	0	0	0	0	0	0	9	0
6BJG	0	0	22	2	0	0	13	0
6BJH	0	0	18	0	0	0	15	0
6BJS	0	0	0	0	4	0	0	0
6BJV	0	0	17	0	0	0	12	0
6BJY	0	16	0	0	40	0	0	0
6BLO	0	0	0	1	0	0	0	0
6BLP	0	0	0	2	0	0	0	0
6BM2	0	0	0	1	0	0	1	0
6BM4	0	0	0	1	0	0	0	0
6BQF	0	0	0	1	0	0	0	0
6BSG	0	0	0	5	0	0	7	0
6BSH	0	0	0	5	0	0	7	0
6BSI	0	0	0	3	0	0	5	0
6BSJ	0	0	0	4	0	0	4	0
6C0F	0	152	0	0	332	21	0	0
6C4H	0	38	0	0	33	2	0	0
6C66	0	8	0	26	27	2	85	0
6C6K	0	0	0	2	0	0	27	0
6C6S	0	3	0	0	12	0	0	0
6C6T	0	3	0	0	13	0	0	0
6C6U	0	1	0	0	6	0	0	0
6CAO	0	90	0	0	103	5	0	0
6CAP	0	80	0	0	84	4	0	0
6CAQ	0	86	0	0	90	3	0	0
6CAR	0	79	0	0	91	5	0	0
6CAS	0	84	0	0	92	5	0	0
6CB1	0	156	0	0	72	25	0	0
6CBD	0	0	0	13	0	0	18	0
6CF2	0	0	0	0	0	0	8	0
6CMN	0	0	12	1	0	0	13	0
6CYT	0	0	0	0	0	0	2	0
6D06	0	0	0	4	0	0	4	0
6D12	0	0	0	2	0	0	21	0
6D1V	0	0	0	0	0	0	5	0
6D2U	0	0	7	1	0	0	7	1
6D2Z	0	0	1	1	0	0	7	0
6D30	0	0	2	2	0	0	6	0
6D6V	0	3	0	7	5	0	60	2
6D8A	0	0	74	22	0	0	31	0
6D8F	0	0	79	22	0	0	28	0
6D8P	0	0	0	22	0	0	30	0
6D92	0	0	0	22	0	0	26	0
6D95	0	0	0	22	0	0	26	0
6D9K	0	0	0	22	0	0	28	0
6D9L	0	0	0	22	0	0	28	0
6DB8	0	0	0	2	3	3	8	0
6DB9	0	1	0	0	8	0	0	0
6DCB	0	0	0	0	4	0	0	0
6DCC	0	0	0	0	0	0	6	0
6DDD	0	0	0	136	0	0	193	5
6DDG	0	0	0	140	0	0	177	6
6DMN	0	0	16	4	0	0	1	0
6DMV	0	0	14	4	0	0	1	0
6DNH	0	0	0	5	0	0	20	0
6DO8	0	0	14	4	0	0	1	0
6DO9	0	0	15	4	0	0	2	0
6DOA	0	0	16	5	0	0	1	0
6DOB	0	0	15	4	0	0	1	0
6DOC	0	0	15	5	0	0	1	0
6DOD	0	0	16	5	0	0	1	0
6DOE	0	0	15	5	0	0	1	0
6DOF	0	0	16	5	0	0	1	0
6DOG	0	0	16	5	0	0	1	0
6DOH	0	0	13	4	0	0	1	0
6DOI	0	0	12	4	0	0	1	0
6DOJ	0	0	14	4	0	0	1	0
6DOK	0	0	14	4	0	0	1	0
6DOL	0	0	14	4	0	0	1	0
6DOM	0	0	15	4	0	0	2	0
6DON	0	0	15	4	0	0	2	0
6DOO	0	0	15	4	0	0	2	0
6DOP	0	0	16	4	0	0	1	0
6DOQ	0	0	15	4	0	0	2	0
6DOR	0	0	15	4	0	0	2	0
6DOS	0	0	15	4	0	0	1	0
6DOT	0	0	14	4	0	0	1	0
6DOU	0	0	14	4	0	0	3	0
6DOV	0	0	14	4	0	0	1	0
6DOW	0	0	13	4	0	0	0	0
6DOX	0	0	13	4	0	0	1	0
6DOY	0	0	14	4	0	0	1	0
6DOZ	0	0	14	4	0	0	1	0
6DP0	0	0	14	4	0	0	1	0
6DP1	0	0	14	4	0	0	1	0
6DP2	0	0	14	4	0	0	1	0
6DP3	0	0	16	4	0	0	1	0
6DP4	0	0	15	5	0	0	1	0
6DP5	0	0	13	4	0	0	1	0
6DP6	0	0	14	4	0	0	1	0
6DP7	0	0	12	4	0	0	1	0
6DP8	0	0	18	4	0	0	1	0
6DP9	0	0	14	4	0	0	1	0
6DPA	0	0	15	4	0	0	1	0
6DPB	0	0	13	4	0	0	1	0
6DPC	0	0	13	4	0	0	1	0
6DPD	0	0	12	4	0	0	1	0
6DPE	0	0	14	4	0	0	1	0
6DPF	0	0	13	4	0	0	1	0
6DPG	0	0	14	4	0	0	1	0
6DPH	0	0	11	4	0	0	1	0
6DPI	0	0	14	4	0	0	2	0
6DPJ	0	0	13	4	0	0	1	0
6DPK	0	0	14	4	0	0	1	0
6DPL	0	0	14	4	0	0	1	0
6DPM	0	0	12	4	0	0	0	0
6DPN	0	0	13	4	0	0	1	0
6DPO	0	0	17	4	0	0	1	0
6DPP	0	0	13	4	0	0	1	0
6DT8	0	0	0	2	0	0	4	0
6DTA	0	0	0	2	0	0	5	0
6DTD	0	0	52	7	0	0	18	0
6DTI	0	81	0	0	90	3	0	0
6DU4	0	0	0	9	0	0	25	3
6DU5	0	0	0	8	0	0	19	1
6DUQ	0	0	0	10	0	0	0	0
6DV9	0	0	0	5	0	0	18	0
6DVB	0	0	0	5	0	0	17	0
6DVC	0	0	0	5	0	0	18	0
6DZK	422	61	0	0	99	7	0	0
6DZP	0	96	0	0	187	5	0	0
6E0O	0	0	4	0	0	0	6	0
6E4P	0	2	0	0	17	0	0	0
6E9E	0	6	0	0	16	0	0	0
6E9F	0	0	0	11	0	0	12	0
6EEN	0	0	0	0	0	0	315	0
6EM3	0	1	0	97	0	0	0	0
6EM4	0	1	0	112	0	0	0	0
6EML	0	145	0	0	207	25	0	0
6EVJ	0	0	0	16	0	0	37	1
6EVK	0	0	0	6	0	0	16	2
6EXV	0	0	0	1	0	0	4	0
6F3H	0	0	0	8	0	0	13	0
6F41	0	0	0	1	0	0	2	1
6F4A	0	0	0	3	0	0	0	0
6F5O	0	0	0	7	0	0	19	3
6FAI	0	97	0	9	170	9	35	0
6FBS	0	0	0	8	0	0	25	0
6FHH	0	0	0	7	0	0	17	2
6FHI	0	0	0	7	0	0	14	2
6FLP	0	0	0	3	0	0	5	0
6FLQ	0	0	0	3	0	0	3	0
6FPQ	0	0	0	3	0	0	9	0
6FPX	0	0	0	9	0	0	29	0
6FQ3	0	0	0	0	0	0	2	0
6FQL	0	0	0	0	0	0	2	0
6FQR	0	0	0	2	0	0	6	0
6FUW	0	0	0	8	0	0	25	0
6G18	0	151	0	0	219	13	0	0
6G19	0	0	14	6	0	0	2	0
6G1S	0	0	10	5	0	0	0	0
6G1X	0	0	10	4	0	0	0	0
6G2K	0	2	0	0	22	0	0	0
6G3B	0	0	0	2	0	0	1	0
6G4S	0	102	0	0	0	0	0	0
6G4W	0	113	0	0	0	0	0	0
6G51	0	150	0	0	0	0	0	0
6G53	0	145	0	0	0	0	0	0
6G5H	0	148	0	0	223	9	0	0
6G5I	0	145	0	0	207	13	0	0
6G63	0	0	5	0	0	0	3	0
6G99	0	0	8	2	0	0	12	1
6GBM	0	0	13	4	0	0	10	0
6GBZ	0	133	0	7	179	5	8	1
6GC0	0	121	0	0	178	3	0	0
6GC4	0	100	0	6	149	7	4	0
6GC5	0	0	0	5	0	0	48	1
6GC6	0	73	0	0	113	9	0	0
6GC7	0	57	0	0	89	7	0	0
6GC8	0	161	0	0	204	10	0	0
6GD2	0	0	0	2	0	0	26	1
6GD3	0	0	0	2	0	0	24	1
6GFW	0	0	0	2	10	0	5	0
6GJZ	0	0	13	6	0	0	2	0
6GKH	0	0	11	1	0	0	1	0
6GKM	0	0	12	7	0	0	2	0
6GMH	0	0	0	1	0	0	6	1
6GML	0	0	0	0	0	0	6	0
6GOV	0	0	0	6	0	0	21	0
6GPG	0	5	0	0	5	0	0	0
6GTC	0	0	0	10	0	0	25	0
6GTD	0	0	0	17	0	0	0	4
6GTE	0	0	0	18	0	0	24	0
6GTF	0	0	0	14	0	0	24	0
6GTG	0	0	0	21	0	0	21	1
6GV4	0	0	0	0	4	0	0	0
6GVY	0	0	0	4	0	0	1	0
6GX6	0	0	0	1	0	0	8	0
6H5Q	0	0	0	2	0	0	9	0
6H5S	0	0	0	2	0	0	8	0
6H61	0	0	9	3	0	0	1	0
6H66	0	0	8	5	0	0	0	0
6H67	0	0	0	1	0	0	0	0
6H68	0	0	0	1	0	0	9	0
6H9H	0	0	0	9	0	0	36	4
6H9I	0	0	0	14	0	0	39	4
6HAK	0	0	0	2	0	0	8	0
6HAU	0	0	7	0	0	0	11	0
6HCT	0	15	0	0	31	3	0	0
6HKO	0	0	0	2	0	0	3	0
6HLQ	0	0	0	2	0	0	3	0
6HLR	0	0	0	1	0	0	3	0
6HMA	0	132	0	0	136	5	0	0
6HPJ	0	0	5	2	0	0	9	2
6HTU	13	3	0	0	0	0	0	0
6HYU	0	0	0	4	0	0	9	0
6I0T	0	0	2	0	0	0	3	0
6I0U	0	0	5	1	0	0	7	0
6I0V	0	0	7	1	0	0	7	0
6I0Y	0	155	0	33	218	6	53	3
6I1K	0	0	0	25	0	0	33	0
6I1L	0	0	0	35	2	0	46	0
6I2N	0	0	0	0	1	0	0	0
6I3P	0	0	0	16	0	0	44	1
6I84	0	20	0	14	3	0	2	0
6IFK	0	0	0	30	0	0	72	2
6IFL	0	0	0	25	0	0	74	2
6IFN	0	0	0	17	0	0	52	3
6IFO	0	0	0	30	0	0	76	7
6IFU	0	0	0	27	0	0	71	2
6IFY	0	0	0	30	0	0	63	2
6IFZ	0	0	0	29	0	0	61	2
6IG0	0	0	0	30	0	0	60	2
6IJ2	0	0	0	8	0	0	40	0
6INQ	0	19	0	6	0	0	2	0
6IQW	0	0	0	9	0	0	35	2
6IR9	0	19	0	2	0	0	8	0
6IV6	0	0	0	8	0	0	14	0
6IV8	0	9	0	5	22	0	23	0
6IV9	0	0	0	6	0	0	21	0
6J4W	0	28	0	3	0	0	7	0
6J4Z	0	19	0	9	0	0	8	0
6J7Z	0	0	0	2	0	0	9	0
6J9E	0	0	0	3	0	0	7	0
6J9F	0	0	0	1	0	0	9	0
6JBQ	0	0	0	5	0	0	18	0
6JC3	0	0	0	0	0	0	1	0
6JCX	0	0	0	6	0	0	23	0
6JCY	0	0	0	4	0	0	15	0
6JDQ	0	0	0	13	0	0	16	1
6JDV	0	0	0	33	0	0	27	1
6JE3	0	0	0	21	0	0	26	1
6JE4	0	0	0	100	0	0	85	4
6JE9	0	0	0	27	0	0	30	4
6JFU	0	0	0	18	0	0	18	0
6JIM	0	0	0	7	0	0	27	0
6JNX	0	7	0	4	2	0	21	0
6JOO	0	0	0	17	0	0	23	1
6JVX	0	0	0	3	0	0	10	1
6K0A	0	0	0	8	2	0	19	2
6K0B	0	0	0	6	3	0	39	1
6K32	0	0	0	1	0	0	6	2
6K3Z	0	18	0	6	28	2	0	0
6K4P	0	23	0	0	28	2	0	0
6K4Q	0	22	0	0	27	2	0	0
6K4S	0	0	0	21	0	0	30	2
6K4U	0	0	0	20	0	0	27	2
6K57	0	13	0	6	28	2	1	0
6KC7	0	0	0	23	0	0	16	1
6KC8	0	0	0	27	0	0	24	1
6KJ6	0	0	0	3	0	0	9	1
6KL9	0	0	0	8	0	0	11	0
6KLB	0	0	0	12	0	0	25	0
6KLE	0	0	0	1	0	0	9	0
6KLH	0	0	0	2	0	0	12	0
6KON	0	0	0	6	0	0	18	0
6KOO	0	0	0	8	0	0	20	0
6KOP	0	0	0	5	0	0	18	0
6KOQ	0	0	0	5	0	0	9	0
6KQD	0	0	0	12	0	0	41	2
6KQE	0	0	0	8	0	0	15	1
6KQF	0	0	0	9	0	0	23	0
6KQG	0	0	0	7	0	0	20	2
6KQH	0	0	0	6	0	0	20	1
6KQL	0	0	0	7	0	0	20	1
6KQM	0	0	0	8	0	0	19	0
6KQN	0	0	0	8	0	0	19	1
6KR6	0	0	0	3	0	0	5	0
6KTC	0	0	0	0	0	0	9	0
6KUG	0	0	0	0	0	0	14	0
6KUJ	0	0	0	3	0	0	11	1
6KUK	0	0	0	4	0	0	7	0
6KUP	0	0	0	4	0	0	5	0
6KUR	0	0	0	2	0	0	12	0
6KUT	0	0	0	2	0	0	13	0
6KUU	0	0	0	2	0	0	14	0
6KUV	0	0	0	3	0	0	10	2
6KWQ	0	0	0	6	0	0	8	1
6KWR	0	0	0	6	0	0	9	0
6KYV	0	39	0	0	35	1	0	0
6L1W	0	0	0	4	0	0	10	0
6L5N	0	0	0	16	0	0	3	0
6L74	0	0	0	7	0	0	21	1
6LDI	0	3	0	4	3	0	15	0
6LLB	0	0	0	9	0	0	21	1
6LNB	0	0	0	14	0	0	77	2
6LNC	0	23	0	0	65	5	0	0
6LSE	0	0	0	3	0	0	3	0
6LSF	0	0	0	4	0	0	2	0
6LSG	0	0	0	3	0	0	2	0
6LSH	0	0	0	2	0	0	1	0
6LT7	0	0	0	14	0	0	54	2
6LTP	0	11	0	12	27	1	33	2
6LTR	0	0	0	29	0	0	40	3
6LTU	0	0	0	26	0	0	43	2
6LU0	0	0	0	18	0	0	39	2
6LVR	0	0	0	0	0	0	8	0
6M0V	0	31	0	0	34	0	0	0
6M0W	0	32	0	0	33	0	0	0
6M0X	0	0	0	33	0	0	30	0
6M6C	0	0	0	3	0	0	4	0
6M6R	0	1	0	0	0	0	0	0
6M6S	0	0	0	0	0	0	3	0
6M6V	0	0	0	2	0	0	18	1
6M7D	0	0	0	2	0	0	9	0
6M7K	0	0	2	2	0	0	12	0
6MCB	0	15	0	0	36	0	0	0
6MCC	0	11	0	0	31	1	0	0
6MCE	26	1	0	0	8	0	0	0
6MCF	27	0	0	0	13	1	0	0
6MDZ	0	0	0	17	0	0	17	0
6ME0	0	8	0	0	26	2	0	0
6MFN	0	0	0	7	0	0	6	0
6MFR	0	0	0	18	0	0	17	1
6MKN	0	81	0	0	90	4	0	0
6MPF	0	86	0	0	92	6	0	0
6MPI	0	85	0	0	97	5	0	0
6MUR	0	3	0	15	7	2	41	1
6MUS	0	6	0	11	16	2	35	1
6MUT	0	0	0	13	1	2	42	1
6MUU	0	0	0	15	0	0	32	4
6MWN	0	10	0	0	34	7	0	0
6N4O	0	0	0	9	0	0	15	0
6N6A	0	0	0	2	0	0	8	0
6N6C	0	0	0	2	0	0	5	0
6N6D	0	0	0	2	0	0	8	0
6N6E	0	0	0	1	0	0	4	0
6N6F	0	0	0	2	0	0	7	0
6N6G	0	0	0	2	0	0	5	0
6N6H	0	0	0	2	0	0	7	0
6N6I	0	0	0	2	4	0	15	0
6N6J	0	0	0	2	4	0	15	0
6N6K	0	0	0	2	4	0	16	0
6N9U	0	0	0	4	0	0	9	0
6N9V	0	0	0	8	0	0	8	1
6N9W	0	0	0	6	0	0	8	0
6N9X	0	0	0	9	0	0	10	1
6ND4	0	42	0	0	40	7	0	0
6NE0	0	0	0	23	0	0	102	0
6NEQ	0	44	0	0	155	7	0	0
6NF8	0	43	0	0	158	10	0	0
6NIT	0	0	0	15	0	0	12	0
6NM9	0	0	0	16	0	0	25	0
6NMA	0	0	0	7	0	0	10	0
6NMC	0	0	0	8	3	0	12	0
6NMD	0	0	0	7	3	0	14	0
6NME	0	0	0	9	0	0	14	2
6NOC	0	0	0	0	0	0	43	0
6NOD	0	0	0	0	0	0	84	0
6NOF	0	0	0	0	0	0	47	0
6NOH	0	0	0	0	0	0	42	0
6NQB	0	28	0	4	29	2	21	1
6NUD	0	23	0	0	44	2	4	0
6NUE	0	17	0	6	27	3	11	2
6NUT	0	0	0	3	0	0	8	0
6NY1	0	0	0	6	0	0	21	0
6NY2	0	8	0	5	4	0	14	0
6NY3	0	10	0	3	8	0	9	0
6NY5	0	0	0	0	0	0	37	0
6NY6	0	86	0	0	82	5	0	0
6O0X	0	0	0	15	0	0	23	0
6O0Y	0	0	0	15	0	0	24	1
6O0Z	0	0	0	10	0	0	24	1
6O16	0	0	0	9	0	0	23	0
6O1K	0	0	39	22	0	0	117	0
6O1L	7	0	32	14	1	0	104	0
6O1M	9	1	29	19	6	0	97	0
6O5F	0	0	0	4	0	0	0	0
6O6C	0	0	0	2	0	0	1	0
6O6V	0	0	0	6	0	0	21	0
6O6X	0	0	0	8	0	0	23	0
6O75	0	0	0	0	0	0	9	1
6O78	0	0	0	0	0	0	9	1
6O79	0	0	0	0	0	0	12	1
6O7B	0	0	0	3	0	0	20	2
6O7E	0	2	0	16	8	2	46	1
6O7H	0	5	0	14	8	1	53	2
6O7I	0	3	0	16	6	1	54	2
6O7K	0	85	0	3	73	6	11	2
6OKK	0	142	0	0	195	14	1	0
6OMV	0	5	0	8	10	0	10	0
6OON	0	0	0	8	0	0	15	1
6OV0	0	0	0	12	0	0	27	0
6OVR	0	0	0	8	0	0	17	2
6OVY	0	0	0	6	0	0	11	2
6OW3	0	0	0	6	0	0	17	1
6OY5	0	0	0	5	0	0	15	1
6OY6	0	0	0	6	0	0	14	1
6OY7	0	0	0	7	0	0	22	2
6OZP	0	0	0	12	0	0	11	0
6OZS	0	0	0	12	0	0	12	0
6P18	0	8	0	0	22	0	4	0
6P19	0	2	0	0	6	0	3	0
6P4G	0	167	0	2	236	10	8	0
6P4H	0	177	0	0	263	8	0	0
6P71	0	0	0	6	0	0	16	1
6P7M	0	0	0	10	0	0	16	0
6P7N	0	0	0	20	0	0	31	0
6P7P	0	0	2	3	0	0	17	0
6P7Q	0	0	5	0	0	0	18	0
6PB4	0	0	50	8	0	0	25	3
6PC5	0	72	0	0	79	3	0	0
6PC6	0	75	0	0	82	2	0	0
6PC7	0	69	0	0	90	4	0	0
6PC8	0	65	0	0	81	6	0	0
6PCH	0	69	0	0	89	5	0	0
6PCQ	0	71	0	0	92	1	0	0
6PCR	0	73	0	0	87	3	0	0
6PCS	0	74	0	0	81	3	0	0
6PCT	0	77	0	0	88	5	0	0
6PIF	0	0	0	17	0	0	62	3
6PIG	0	16	0	0	55	1	0	0
6PIJ	0	0	0	19	0	0	88	5
6PMI	0	0	39	1	0	0	30	0
6PMJ	0	0	35	1	0	0	28	0
6PPF	0	73	0	0	96	4	0	0
6PPK	0	96	0	0	149	9	0	0
6PPN	0	10	0	0	41	0	0	0
6PPP	0	7	0	0	32	0	0	0
6PPQ	0	0	0	6	0	0	27	0
6PPV	0	0	0	5	0	0	30	0
6PUN	0	0	0	0	0	0	76	0
6PVK	0	65	0	0	75	5	0	0
6PZQ	0	0	1	1	0	0	4	0
6Q1H	0	0	11	6	0	0	34	0
6Q8U	0	8	0	0	19	2	0	0
6QCS	0	0	0	5	0	0	22	2
6QCT	0	0	0	6	0	0	19	2
6QCV	0	0	0	10	0	0	28	7
6QCW	0	0	0	9	0	0	25	5
6QCX	0	0	0	11	0	0	29	3
6QDW	0	165	0	28	200	10	48	2
6QIC	0	0	0	16	0	0	49	1
6QKL	0	38	0	0	52	2	0	0
6QUL	0	181	0	0	236	11	0	0
6QWL	0	0	0	4	0	0	12	0
6QX3	8	0	0	0	8	2	0	0
6QX8	0	0	20	9	0	0	17	2
6QXE	0	0	20	9	0	0	17	2
6R7B	0	0	0	8	0	0	17	0
6R7G	0	0	0	0	0	0	69	2
6R9R	0	10	0	0	15	2	0	0
6RA4	0	0	0	2	0	0	13	0
6RBD	0	104	0	3	173	10	4	0
6RBE	0	136	0	0	202	16	0	0
6RCL	0	0	0	1	0	0	7	0
6RFL	0	0	0	1	6	0	2	0
6RH3	0	1	0	0	2	0	0	0
6RI7	0	2	0	0	2	0	0	0
6RI9	0	1	0	0	4	0	1	0
6RID	0	0	0	0	0	0	4	0
6RIE	0	0	0	1	0	0	7	0
6RIN	0	0	0	2	3	0	2	1
6RIP	0	0	0	0	5	0	1	0
6RJ9	0	0	0	16	0	0	21	0
6RJA	0	0	0	31	0	0	37	0
6RJD	0	0	0	15	0	0	16	0
6RJG	0	0	0	18	0	0	17	1
6RR7	0	0	30	5	0	0	23	2
6RT4	0	1	0	3	0	0	1	0
6RT5	0	1	0	2	0	0	0	0
6RT6	0	1	0	2	0	0	0	0
6RT7	0	1	0	3	0	0	1	0
6RTI	0	0	0	0	0	0	10	0
6S0K	0	184	0	0	218	9	0	0
6S0M	0	0	0	1	0	0	3	0
6S6B	0	0	0	44	2	0	60	5
6S8B	0	0	0	47	6	0	89	8
6S8E	0	0	0	42	0	0	99	7
6S91	0	0	0	51	0	0	96	8
6SCE	0	0	0	12	0	0	18	1
6SCF	0	0	0	18	0	0	50	0
6SDW	0	0	30	3	0	0	3	0
6SDY	0	0	16	1	0	0	2	0
6SH8	0	0	0	49	0	0	90	8
6SHB	0	6	0	36	19	1	71	3
6SIC	0	0	0	43	0	0	102	8
6SJ6	0	79	0	0	108	5	0	0
6SJD	0	0	6	0	0	0	0	0
6SNJ	0	0	21	0	0	0	8	1
6SO9	7	4	0	0	10	0	0	0
6SPB	0	209	0	0	291	28	0	0
6SPC	0	86	0	0	172	32	0	0
6SPD	0	127	0	0	143	5	0	0
6SPE	0	48	0	0	52	2	0	0
6STY	0	0	0	2	0	0	7	0
6SW9	0	78	0	0	100	6	0	0
6SWC	0	82	0	2	79	0	1	0
6SWD	0	57	0	0	47	1	0	0
6SWE	0	47	0	3	33	1	1	0
6SY4	0	0	0	2	0	0	9	0
6SY6	0	0	0	2	0	0	9	0
6SZU	0	0	0	17	0	0	51	2
6SZV	0	0	0	12	0	0	33	0
6T0N	0	0	0	12	0	0	20	1
6T0R	0	0	0	8	0	0	34	0
6T0S	0	0	0	8	0	0	38	1
6T0U	0	0	0	10	0	0	32	0
6T0V	0	0	0	10	0	0	35	0
6T0W	0	0	0	5	0	0	17	0
6T2C	0	0	0	4	0	0	19	0
6T34	29	0	57	0	0	0	57	0
6TED	0	0	0	4	0	0	2	0
6THN	0	0	0	0	0	0	3	0
6TMF	0	119	0	0	160	10	0	0
6TNN	0	111	0	6	146	6	18	0
6TPH	0	0	10	5	0	0	4	0
6TPQ	0	122	0	7	139	10	17	0
6TQA	0	0	0	7	0	0	24	3
6TQB	0	0	0	2	0	0	7	2
6TQN	0	0	0	5	0	0	35	2
6TQO	0	0	0	8	0	0	36	2
6TW1	0	0	0	13	0	0	39	0
6TY9	0	0	0	0	0	0	6	0
6TYE	25	6	5	0	8	0	6	0
6TYF	0	0	0	5	7	1	12	0
6TYG	30	6	7	0	13	0	6	0
6TZ1	0	0	0	1	0	0	6	0
6TZ2	0	0	0	0	0	0	2	0
6U6Y	0	0	0	0	0	0	9	6
6U8D	0	2	0	0	11	0	0	0
6U8K	0	6	0	0	28	0	0	0
6U9X	0	0	0	5	0	0	27	0
6UEJ	0	0	0	3	0	0	10	0
6UPX	0	2	0	0	0	0	0	0
6UPY	0	4	0	0	0	0	0	0
6UPZ	0	4	0	0	0	0	0	0
6UQ0	0	2	0	0	0	0	0	0
6UQ1	0	2	0	0	0	0	0	0
6UQ2	0	3	0	0	1	0	0	0
6UQ3	0	1	0	0	0	0	0	0
6URO	0	0	0	3	0	0	21	0
6UV1	0	0	0	15	0	0	2	0
6UV2	0	0	0	7	0	0	1	0
6UV3	0	0	0	7	0	0	1	0
6UV4	0	0	0	7	0	0	0	0
6V9Q	0	19	0	0	77	0	0	0
6VBW	0	20	0	0	111	1	0	0
6VFF	0	0	0	5	0	0	4	0
6VM6	0	0	0	12	0	0	56	2
6VPC	0	9	0	3	26	1	3	0
6VQV	0	0	0	20	0	0	69	2
6VQW	0	0	0	18	0	0	52	2
6VQX	0	0	0	27	0	0	57	5
6VRB	0	8	0	0	37	1	0	0
6VRC	0	0	0	9	0	0	23	1
6VRD	0	0	0	4	0	0	2	0
6W11	0	0	0	6	0	0	13	0
6W1X	0	1	0	17	6	2	37	1
6W5C	0	0	0	20	0	0	39	0
6W62	0	0	0	3	0	0	10	0
6W64	0	0	0	3	0	0	21	1
6W6K	0	48	0	0	44	2	0	0
6W6V	0	19	0	0	62	0	0	0
6W77	0	50	0	0	64	6	0	0
6W7M	0	62	0	0	79	8	0	0
6W7N	0	41	0	0	39	5	0	0
6W7W	0	25	0	0	26	2	0	0
6WAN	0	0	0	16	0	0	78	4
6WAZ	0	0	0	0	0	0	1	0
6WB0	0	0	0	0	0	0	4	0
6WB1	0	0	0	0	3	0	0	0
6WB2	0	0	0	0	2	0	0	0
6WBR	0	0	0	20	0	0	20	0
6WC0	0	0	0	16	0	0	26	0
6WDR	0	0	0	96	0	0	159	13
6WHI	0	0	0	16	6	0	45	0
6WLH	0	0	44	1	0	0	13	1
6WMP	0	0	0	2	0	0	6	0
6WNT	0	0	0	165	0	0	224	12
6WOX	0	0	0	6	0	0	21	0
6WOY	0	0	0	6	0	0	18	0
6WPI	0	0	0	0	0	0	12	0
6WQN	0	5	0	115	5	0	134	4
6WQQ	0	5	0	119	5	1	147	4
6WRE	0	0	0	1	0	0	2	0
6WRS	0	3	0	117	3	0	121	3
6WRU	0	4	0	126	5	1	151	4
6WU9	0	121	0	0	133	5	0	0
6WUA	0	20	0	0	23	0	0	0
6WUB	0	33	0	0	27	2	0	0
6WVJ	0	0	0	1	0	0	0	0
6WW6	0	0	0	4	0	0	24	0
6WXQ	0	0	0	7	0	0	10	0
6WXX	0	0	0	13	0	0	25	3
6WXY	0	6	0	0	14	0	0	0
6WYB	0	0	0	5	0	0	0	0
6WYV	0	68	0	0	83	6	0	0
6X1B	0	0	0	3	0	0	12	0
6X26	0	0	0	4	0	0	5	0
6X2F	0	0	0	2	0	0	5	0
6X2N	0	0	0	6	0	0	9	0
6X43	0	0	0	6	0	0	6	0
6X4W	0	0	0	5	0	0	9	0
6X4Y	0	0	0	6	0	0	10	0
6X50	0	0	0	8	0	0	8	0
6X5M	0	0	0	2	0	0	24	0
6X5N	0	0	0	2	0	0	23	1
6XAS	0	8	0	0	10	0	0	0
6XAV	0	4	0	0	4	0	1	0
6XBU	0	0	0	3	0	0	3	0
6XE0	0	0	0	73	0	0	84	4
6XEZ	0	0	0	1	0	0	0	0
6XH0	0	0	12	1	0	0	9	0
6XH1	0	0	10	1	0	0	14	0
6XH2	0	0	12	1	0	0	11	0
6XH3	0	0	12	1	0	0	14	0
6XH8	0	0	52	14	0	0	36	1
6XJQ	0	6	0	0	48	5	0	0
6XJW	0	5	0	0	50	5	0	0
6XJY	0	2	0	0	46	4	0	0
6XJZ	0	2	0	0	47	5	0	0
6XKI	0	0	17	7	0	0	0	0
6XL1	0	0	0	8	0	0	23	1
6XL9	0	7	0	5	0	0	17	0
6XLJ	0	0	0	15	0	0	24	0
6XLL	0	0	0	8	0	0	18	1
6XLM	0	0	0	3	0	0	10	1
6XLN	0	0	0	3	0	0	8	0
6XLV	0	0	7	4	0	0	8	2
6XLW	0	0	7	4	0	0	7	2
6XLX	0	0	7	3	0	0	7	2
6XMF	0	0	0	3	0	0	15	3
6XMG	0	0	0	3	0	0	14	0
6XN3	0	0	0	30	0	0	79	2
6XN4	0	6	0	17	11	1	54	1
6XN5	0	0	0	26	0	0	58	3
6XN7	0	0	0	27	0	0	72	1
6XQB	0	0	15	2	0	0	0	0
6XZ7	0	197	0	1	218	10	1	0
6XZQ	6	1	0	0	7	0	0	0
6Y4B	0	0	0	0	1	0	0	0
6Y50	0	0	0	1	0	0	5	0
6Y7C	0	87	0	0	201	15	0	0
6YAL	0	20	0	106	34	3	168	7
6YAN	0	13	0	106	16	0	172	10
6YBS	0	0	0	60	0	0	75	2
6YBV	0	2	0	0	1	0	1	0
6YBW	0	0	0	106	0	0	148	9
6YHS	0	170	0	0	158	9	0	0
6YMW	0	0	0	5	0	0	16	1
6YPU	0	38	0	0	31	1	0	0
6YRB	0	0	0	6	0	0	12	0
6YRQ	0	0	0	12	0	0	30	0
6YS3	0	164	0	28	196	11	48	2
6YS5	0	28	0	0	37	3	0	0
6YSI	0	13	0	170	7	0	198	8
6YT9	0	45	0	0	48	2	0	0
6YTF	0	36	0	0	48	5	0	0
6YUD	0	0	0	24	0	0	48	10
6YWO	0	0	0	0	0	0	33	0
6YYM	0	0	13	5	0	0	16	0
6YYT	0	0	0	2	0	0	4	0
6Z6G	0	8	0	0	34	1	0	0
6Z9P	0	0	0	2	0	0	16	0
6Z9Q	0	0	0	3	0	0	14	0
6Z9R	0	0	0	2	0	0	30	0
6Z9S	0	0	0	5	0	0	21	0
6Z9T	0	0	0	3	0	0	23	1
6ZCE	0	140	0	0	56	19	0	0
6ZDP	0	0	0	4	0	0	4	0
6ZDQ	0	0	0	6	0	0	6	0
6ZDU	0	0	0	16	0	0	15	1
6ZLC	0	0	0	1	0	0	0	0
6ZLW	0	1	0	157	3	0	227	7
6ZM2	0	0	0	4	0	0	5	1
6ZMT	0	3	0	126	7	0	187	10
6ZN5	0	2	0	131	11	0	205	8
6ZOJ	0	167	0	0	200	5	0	0
6ZOK	0	94	0	0	126	6	0	0
6ZOL	0	75	0	0	78	2	0	0
6ZOT	0	0	0	2	0	0	4	0
6ZU9	0	150	0	0	51	20	0	0
6ZUO	0	152	0	0	216	12	0	0
6ZV6	0	160	0	0	236	9	0	0
6ZVH	0	165	0	0	213	7	0	0
6ZVI	0	154	0	0	229	8	0	0
6ZWW	0	0	0	18	0	0	36	3
6ZXD	0	150	0	0	199	11	0	0
6ZXE	0	157	0	0	184	10	0	0
6ZXF	0	149	0	0	220	9	0	0
6ZXG	0	180	0	0	249	16	0	0
6ZXH	0	175	0	0	250	13	0	0
7A0R	0	154	0	0	193	14	0	0
7A0S	0	147	0	0	179	11	0	0
7A18	0	140	0	0	188	13	0	0
7A1G	0	156	0	0	213	6	0	0
7A9W	0	0	0	4	0	0	27	2
7A9X	0	0	0	4	0	0	19	1
7AAP	0	0	0	0	0	0	2	0
7ABH	0	0	0	2	1	1	1	0
7ACS	0	0	8	0	0	0	1	0
7ACT	0	0	21	5	0	0	8	0
7ADB	0	0	0	1	0	0	8	0
7ADC	0	0	0	3	0	0	16	0
7ADD	0	0	0	3	0	0	15	2
7ADE	0	0	0	5	0	0	24	2
7AE1	0	0	0	2	0	0	2	0
7AE3	0	0	0	2	0	0	3	0
7AEA	0	0	0	3	0	0	2	0
7AF3	0	35	0	0	47	3	0	0
7AF5	0	39	0	0	43	3	0	0
7AF8	0	42	0	0	49	3	0	0
7AFA	0	34	0	0	48	2	0	0
7AFD	0	30	0	0	49	6	0	0
7AFH	0	33	0	0	50	4	0	0
7AFI	0	48	0	0	43	2	0	0
7AFK	0	36	0	0	61	9	0	0
7AFL	0	43	0	0	51	4	0	0
7AFN	0	35	0	0	56	2	0	0
7AFO	0	52	0	0	55	3	0	0
7AOE	0	0	0	0	0	0	0	0
7AOH	0	1	0	1	7	0	3	0
7AOZ	0	0	0	1	0	0	0	0
7AP8	0	0	10	1	0	0	0	0
7AP9	0	0	0	1	0	0	0	0
7AQC	0	153	0	0	226	9	19	1
7AQD	0	151	0	6	217	11	25	12
7AS8	0	148	0	0	212	17	20	0
7AS9	0	133	0	0	238	17	16	0
7ASA	0	3	0	2	5	0	14	0
7ASM	0	138	0	9	138	5	14	0
7ASN	0	120	0	0	146	6	0	0
7B3B	0	0	0	3	0	0	1	0
7B3C	0	0	0	2	0	0	2	0
7B3D	0	0	0	2	0	0	2	0
7BAH	0	0	0	2	0	0	10	0
7BAI	0	0	0	2	0	0	3	0
7BDV	0	0	0	14	0	0	24	0
7BG6	0	0	0	0	5	0	0	0
7BG9	0	0	0	9	0	0	23	4
7BGD	0	45	0	0	66	5	0	0
7BGE	0	24	0	0	33	4	0	0
7BKP	0	0	14	7	0	0	0	0
7BKQ	0	0	11	6	0	0	0	0
7BL4	0	6	0	144	15	1	196	7
7BL5	0	3	0	129	22	0	219	10
7BL6	0	5	0	111	12	0	196	9
7BOD	0	47	0	0	44	1	0	0
7BOE	0	82	0	0	91	4	0	0
7BOF	0	52	0	0	36	2	0	0
7BOG	0	50	0	0	46	3	0	0
7BOH	0	92	0	0	96	6	0	0
7BOI	0	56	0	0	51	6	0	0
7BV2	0	0	0	0	0	0	2	0
7BV8	0	181	0	0	227	17	0	0
7BZF	0	0	0	1	0	0	3	0
7C06	0	0	0	33	1	0	130	0
7C07	0	0	0	28	2	0	133	0
7C08	0	0	0	23	2	0	154	0
7C2K	0	0	0	0	0	0	4	0
7C45	0	0	0	5	0	0	17	1
7C79	0	12	0	0	72	3	0	0
7C7A	0	17	0	0	74	4	6	0
7C7L	0	0	0	15	0	0	59	3
7CGF	0	0	0	0	0	0	39	0
7CGG	0	0	0	0	0	0	39	0
7CGH	0	0	0	0	0	0	34	0
7CGI	0	0	0	0	0	0	31	0
7CGJ	0	0	0	0	0	0	40	0
7CGK	0	0	0	0	0	0	41	0
7CGL	0	0	0	0	0	0	41	0
7CGM	0	0	0	0	0	0	38	0
7CHD	0	0	0	0	0	0	5	0
7CTT	0	0	0	2	0	0	2	0
7CXM	0	1	0	2	7	0	1	0
7CXN	0	2	0	1	7	0	1	0
7CYQ	0	0	0	2	0	0	1	1
7D0F	0	3	0	0	27	0	0	0
7D0G	0	7	0	0	27	1	0	0
7D1A	0	0	0	2	0	0	23	0
7D2L	0	0	0	22	0	0	36	0
7D3J	0	0	0	17	0	0	37	0
7D58	0	0	0	1	0	0	2	1
7D8C	0	0	0	7	0	0	28	1
7D8O	0	16	0	20	71	10	98	6
7DD3	0	0	0	3	0	0	4	0
7DFG	0	1	0	0	1	0	0	0
7DFH	0	0	0	1	0	0	2	0
7DIC	0	0	0	2	0	0	15	1
7DID	0	0	0	0	0	0	2	1
7DMQ	0	0	0	3	0	0	3	0
7DN3	0	0	0	3	0	0	1	0
7DOI	0	0	0	1	0	0	2	0
7DOK	0	0	0	0	2	0	0	0
7DOL	0	0	0	2	0	0	6	1
7DTE	0	0	0	1	0	0	2	0
7DU2	0	0	0	1	0	0	0	0
7DUG	0	73	0	0	78	5	0	0
7DUH	0	78	0	0	71	5	0	0
7DUI	0	75	0	0	80	5	0	0
7DUJ	0	74	0	0	77	4	0	0
7DUK	0	73	0	0	68	4	0	0
7DUL	0	77	0	0	75	4	0	0
7ECV	0	0	0	14	0	0	63	3
7ECW	0	0	0	11	0	0	48	1
7ED5	0	0	0	0	0	0	1	0
7EGQ	0	0	0	5	0	0	1	2
7EH0	0	0	0	6	0	0	22	1
7EH1	0	0	0	6	0	0	18	1
7EH2	0	0	0	14	0	0	40	2
7EIU	0	0	0	8	0	0	17	0
7EIZ	0	0	0	1	0	0	0	0
7EL1	0	0	0	24	0	0	22	0
7ELA	0	1	0	0	7	0	0	0
7ELC	0	0	0	1	0	0	11	1
7ELD	0	0	0	4	0	0	4	0
7ELE	0	0	0	2	0	0	4	0
7ELM	0	0	0	33	0	0	122	1
7ELN	0	2	0	35	7	0	123	1
7ENI	0	0	0	15	0	0	27	0
7ENR	0	0	0	13	0	0	23	1
7EQG	0	3	0	14	8	0	84	0
7EU0	0	0	0	2	0	0	7	0
7EU9	0	0	0	23	0	0	38	0
7EWQ	0	0	0	2	0	0	5	0
7F0D	0	124	0	12	188	11	31	0
7F1M	0	0	0	4	0	0	7	0
7F36	0	0	0	11	0	0	23	5
7F3I	0	0	0	0	3	0	18	1
7F3J	0	0	0	0	1	0	51	0
7F3K	0	0	0	0	0	0	13	0
7F3L	0	0	0	0	0	0	12	0
7FJI	0	0	0	2	0	0	0	0
7FJJ	0	0	0	8	0	0	4	0
7JHY	0	0	0	7	0	0	20	0
7JL0	0	4	0	0	0	0	0	0
7JL1	0	0	0	8	0	0	1	0
7JL2	0	12	0	0	0	0	0	0
7JL3	0	0	0	3	0	0	0	0
7JQB	0	157	0	0	248	8	0	0
7JQQ	0	0	0	0	0	0	7	0
7JYY	0	0	0	3	0	0	13	0
7JZ0	0	0	0	2	0	0	5	0
7JZW	0	0	0	25	0	0	81	0
7JZX	0	0	0	21	0	0	71	1
7JZY	0	14	0	6	35	0	34	0
7JZZ	0	0	0	22	0	0	83	1
7K5I	0	146	0	3	190	5	3	0
7K5L	0	0	0	1	0	0	3	0
7K98	0	0	0	8	0	0	33	2
7K9D	0	0	0	3	0	0	2	0
7K9E	0	0	0	6	0	0	4	0
7K9M	0	0	0	1	0	0	11	0
7K9Y	0	0	0	4	0	0	4	0
7KA0	0	0	0	2	0	0	18	0
7KAB	0	0	0	1	0	0	11	1
7KED	0	0	0	1	0	0	0	0
7KEE	0	0	0	2	0	0	1	0
7KEF	0	0	0	3	0	0	2	0
7KFN	0	0	0	3	0	0	2	0
7KHA	0	0	0	25	0	0	66	2
7KI3	0	0	0	16	0	0	28	2
7KJT	2	4	0	0	11	0	0	0
7KJV	0	0	0	1	0	0	1	0
7KJW	0	0	0	1	0	0	1	0
7KJX	0	0	0	0	0	0	2	0
7KKV	0	0	0	4	0	0	2	0
7KL3	0	0	0	1	0	0	3	0
7KQM	0	0	0	2	0	0	4	0
7KQN	0	0	0	4	0	0	13	0
7KRN	0	0	0	5	0	0	9	0
7KRO	0	0	0	3	0	0	8	0
7KRP	0	0	0	3	0	0	2	0
7KWG	0	62	0	0	92	6	0	0
7KX7	0	0	0	2	0	0	3	0
7KX9	0	0	14	3	0	0	4	0
7L1F	0	0	0	0	0	0	1	0
7L48	0	0	0	8	0	0	43	1
7L49	0	0	0	12	0	0	67	1
7L6R	0	0	0	2	0	0	4	0
7L6T	0	0	0	2	0	0	4	0
7LD5	0	0	0	0	0	0	21	1
7LJ3	0	0	0	0	0	0	9	0
7LMA	0	0	0	9	0	0	49	3
7LMB	0	4	0	0	36	1	0	0
7LYS	0	0	51	11	0	0	31	0
7LYT	0	0	57	13	0	0	30	2
7M4U	0	74	0	0	87	5	0	0
7M4V	0	147	0	15	142	10	20	0
7M5O	0	0	38	5	0	0	27	2
7M8E	0	0	0	0	0	0	8	0
7MEI	0	7	0	1	4	0	9	0
7MJV	0	0	0	1	0	0	6	0
7MJW	0	0	0	4	0	0	20	0
7MJX	0	0	0	4	0	0	18	0
7MJY	0	0	0	2	0	0	0	0
7MK9	0	5	0	0	2	0	4	0
7MKA	0	1	0	1	2	0	5	0
7MKN	0	0	0	2	0	0	11	0
7MKO	0	0	0	4	0	0	11	0
7ML4	0	0	0	2	10	0	0	0
7MLB	0	0	0	6	0	0	21	1
7MLI	0	0	0	8	0	0	19	1
7MLJ	0	0	0	4	0	0	19	1
7MLX	0	0	0	1	0	0	11	2
7MPL	0	0	0	16	8	4	41	4
7MPM	0	0	0	19	8	4	51	4
7MPN	0	0	0	23	12	0	46	0
7MPQ	0	0	0	2	0	0	4	1
7MPU	0	0	0	2	0	0	5	0
7MQB	0	0	0	7	8	0	37	0
7MQC	0	0	0	9	6	0	35	1
7MQD	0	0	0	9	6	0	25	2
7MQE	0	0	0	11	0	0	29	2
7MQF	0	0	0	16	4	2	25	6
7MQG	0	0	0	15	0	0	28	7
7MQH	0	0	0	17	6	2	34	5
7MQI	0	0	0	16	0	0	32	8
7MRL	0	0	0	0	3	0	0	0
7MW8	0	0	0	6	0	0	41	0
7N06	0	0	0	6	0	0	25	0
7N0B	0	0	0	1	0	0	1	0
7N0C	0	0	0	1	0	0	2	0
7N0D	0	0	0	6	0	0	15	0
7N2M	0	0	0	8	0	0	3	0
7N33	0	0	0	6	0	0	0	0
7N3O	0	0	0	4	0	0	12	0
7N3P	0	0	0	9	0	0	17	1
7N4E	0	4	0	0	18	1	0	0
7NAR	0	90	0	0	101	8	0	0
7NAS	0	49	0	0	49	3	0	0
7NAT	0	79	0	0	99	9	0	0
7NAU	0	81	0	0	92	6	0	0
7NAV	0	79	0	0	115	13	0	0
7NAX	0	91	0	0	80	5	0	0
7NDJ	0	0	0	1	0	0	13	1
7NGA	16	5	0	0	0	0	0	0
7NHA	0	0	18	6	0	0	19	0
7NHC	0	0	19	7	0	0	17	0
7NHX	0	0	19	5	0	0	14	0
7NI0	0	0	19	6	0	0	11	0
7NIC	0	0	16	4	0	0	0	0
7NIK	0	0	18	6	0	0	18	0
7NIL	0	0	18	6	0	0	18	0
7NIQ	0	0	0	1	0	0	0	0
7NIR	0	0	18	6	0	0	18	0
7NIS	0	0	18	6	0	0	18	0
7NJ3	0	0	18	6	0	0	19	0
7NJ4	0	0	18	6	0	0	19	0
7NJ5	0	0	18	6	0	0	19	0
7NJ7	0	0	18	6	0	0	19	0
7NJC	0	0	0	2	0	0	0	0
7NK1	0	0	18	6	0	0	18	0
7NK2	0	0	18	6	0	0	19	0
7NK4	0	0	18	6	0	0	19	0
7NK6	0	0	18	6	0	0	18	0
7NK8	0	0	18	6	0	0	18	0
7NKA	0	0	18	6	0	0	19	0
7NKC	0	0	18	6	0	0	19	0
7NKI	0	0	18	6	0	0	18	0
7NKR	0	0	18	6	0	0	18	0
7NKX	0	4	0	16	0	0	9	0
7NQ4	0	0	0	2	0	0	16	0
7NT5	0	0	0	27	0	0	117	1
7NT6	0	0	0	14	0	0	0	0
7NUN	0	0	0	0	1	0	0	0
7NUQ	0	0	0	0	0	0	3	0
7O0G	0	0	0	2	0	0	0	0
7O5H	0	50	0	4	45	5	11	0
7OB9	0	0	0	3	0	0	6	0
7OBQ	0	3	0	0	21	2	0	0
7ODE	373	90	0	0	115	2	0	0
7ODF	0	0	0	15	0	0	29	2
7OE0	0	37	0	36	47	4	48	3
7OE1	0	66	0	0	116	7	0	0
7OEA	0	0	0	1	0	0	10	1
7OEB	0	0	0	0	0	0	7	1
7OF0	0	147	0	32	327	10	87	5
7OFW	0	0	0	1	0	0	0	0
7OFZ	0	0	0	1	0	0	0	0
7OG0	0	0	0	2	0	0	0	0
7OG6	0	0	0	0	0	0	4	0
7OGK	0	0	0	1	0	0	7	1
7OGM	0	0	0	6	0	0	38	0
7OI0	0	0	0	32	0	0	38	2
7OI3	0	0	0	3	0	0	6	0
7OI6	0	27	0	79	25	5	61	11
7OI7	0	0	0	128	0	0	309	8
7OI8	0	0	0	142	0	0	317	10
7OI9	0	0	0	134	0	0	322	7
7OIA	0	0	0	147	0	0	333	9
7OIB	0	0	0	139	0	0	327	11
7OIE	0	0	0	153	0	0	336	8
7OJK	0	0	0	1	0	0	3	0
7OJL	0	0	0	6	0	0	18	1
7OJN	0	0	0	5	0	0	13	1
7OKX	0	0	0	4	0	0	9	0
7OKY	0	0	0	4	0	0	9	0
7OL0	0	0	0	4	0	0	7	1
7OM6	0	0	0	8	0	0	6	2
7OM7	0	0	0	15	0	0	11	2
7OMA	0	0	0	16	0	0	19	0
7ONB	0	1	0	1	13	0	1	0
7ONU	0	0	0	6	0	0	16	1
7OO3	12	7	22	4	6	0	7	0
7OOB	0	0	36	8	0	0	13	0
7OOC	0	0	0	50	0	0	83	6
7OOD	0	132	0	0	172	9	0	0
7OOP	0	9	0	4	5	0	8	0
7OPC	0	6	0	4	6	0	10	0
7OPD	0	6	0	4	6	0	10	0
7OPE	0	153	0	1	215	21	3	0
7ORJ	0	0	0	11	0	0	28	1
7ORK	0	0	0	13	0	0	38	1
7ORL	0	1	0	7	7	0	27	0
7ORM	0	9	0	0	14	0	0	0
7OS0	0	0	0	24	0	0	57	2
7OX8	0	15	0	6	25	1	1	0
7OX9	0	15	0	6	26	1	0	0
7OYG	0	0	0	4	0	0	4	0
7OZQ	0	0	24	22	0	0	30	0
7OZU	0	0	0	2	0	0	1	0
7OZV	0	0	0	2	0	0	1	0
7P0V	0	0	0	3	0	0	5	0
7P8Q	0	0	2	0	0	0	5	0
7P9I	0	0	3	4	0	0	7	0
7PAT	0	0	0	143	0	0	252	24
7PAU	0	0	0	139	0	0	263	26
7PLA	0	0	0	8	0	0	18	1
7PO6	3	3	7	6	1	0	2	0
7PWF	0	13	0	107	16	2	110	3
7PY0	0	1	0	0	8	0	0	0
7PY1	0	1	0	0	5	0	0	0
7PY3	0	0	0	2	0	0	11	0
7PY5	0	1	0	0	4	0	0	0
7PY6	0	2	0	0	7	1	0	0
7PY7	0	4	0	0	6	0	0	0
7PY8	0	1	0	0	8	0	0	0
7PYJ	0	0	0	1	0	0	5	0
7PYK	0	0	0	1	0	0	9	0
7Q0J	0	0	0	2	0	0	4	0
7Q0K	0	0	0	0	3	0	0	0
7Q3L	0	1	0	0	5	0	3	0
7Q4L	0	0	12	2	0	0	19	0
7Q4O	0	1	0	1	10	0	6	0
7Q4P	0	3	0	1	11	0	0	0
7QDY	0	0	0	1	0	0	2	1
7QDZ	0	0	0	2	0	0	5	1
7QE0	0	0	0	2	0	0	4	0
7QH6	0	0	0	98	0	0	250	7
7QH7	0	1	0	135	1	0	270	8
7QIX	536	119	0	0	152	8	0	0
7QIY	250	74	5	1	74	4	1	0
7QQK	0	0	0	5	0	0	72	0
7QXA	0	1	0	11	7	0	31	4
7QXB	0	3	0	11	3	0	32	4
7QXS	0	3	0	12	15	0	32	4
7R97	0	0	0	4	0	0	0	0
7R9F	0	0	0	1	0	0	0	0
7R9G	0	0	0	1	0	0	1	0
7RDQ	0	0	0	8	0	0	29	2
7RDX	0	0	26	3	0	0	7	0
7RDY	0	0	0	5	0	0	8	0
7RDZ	0	0	25	2	0	0	2	0
7RE0	0	0	0	2	0	0	1	0
7RE1	0	0	0	3	0	0	3	0
7RE2	0	0	0	2	0	0	2	0
7RE3	0	0	0	4	0	0	8	0
7RIM	0	2	0	0	1	0	0	0
7RIP	0	3	0	0	2	0	0	0
7RIQ	0	3	0	0	2	0	0	0
7RIW	0	3	0	1	2	0	0	0
7RIX	0	2	0	0	2	0	0	0
7RIY	0	2	0	0	2	0	0	0
7RZZ	0	0	0	2	0	0	42	0
7S02	0	0	0	0	0	0	35	0
7S36	0	0	0	17	2	0	31	2
7S37	0	0	0	2	0	0	12	2
7S38	0	0	0	17	1	0	33	3
7S3H	0	0	0	2	1	0	11	2
7S4U	0	0	0	5	0	0	15	0
7S4V	0	0	0	7	0	0	13	0
7S4X	0	0	0	30	0	0	61	4
7S7B	0	0	0	4	0	0	31	2
7S7C	0	0	0	5	0	0	11	2
7S9U	0	69	0	0	79	5	0	0
7SAE	0	77	0	0	92	1	0	0
7SBA	0	0	0	28	0	0	55	3
7SBB	0	0	0	37	0	0	73	4
7SLP	0	0	0	4	0	0	20	0
7SLQ	0	0	0	6	0	0	28	0
7SOP	0	0	0	3	0	0	12	0
7SOQ	0	0	0	2	0	0	11	0
7SOR	0	0	0	4	0	0	19	0
7SOS	0	0	0	2	0	0	12	0
7SOT	0	0	0	2	0	0	13	0
7SOU	0	0	0	2	0	0	11	0
7SOV	0	0	0	3	0	0	12	0
7SP1	0	0	0	0	9	0	1	0
7SWF	0	0	0	5	0	0	13	0
7SYG	0	104	0	0	182	9	2	0
7SYH	0	93	0	0	174	9	3	0
7SYI	0	97	0	0	177	8	5	0
7SYJ	0	99	0	0	180	5	0	0
7SYK	0	105	0	0	173	7	1	0
7SYL	0	94	0	0	184	6	3	0
7SYM	0	107	0	0	164	9	3	0
7SYN	0	106	0	0	192	8	8	0
7SYO	0	98	0	0	177	5	12	0
7SYP	0	119	0	1	213	9	19	0
7SYQ	0	119	0	1	189	6	15	0
7SYR	0	124	0	0	193	7	11	1
7SYS	0	134	0	0	183	6	10	0
7SYT	0	107	0	0	191	5	8	0
7SYU	0	103	0	0	174	9	7	0
7SYV	0	109	0	0	215	5	12	0
7SYW	0	128	0	0	188	5	14	0
7SYX	0	112	0	0	201	6	16	1
7SZU	8	1	0	0	12	1	0	0
7TJ2	0	0	0	1	0	0	4	0
7TQB	0	0	0	0	0	0	1	0
7TQL	0	152	0	2	219	7	9	0
7TQV	0	0	0	4	0	0	3	0
7TRD	0	10	0	1	21	3	2	0
7TRE	0	11	0	1	23	3	4	0
7TRF	0	10	0	2	20	3	6	0
7TTU	0	0	0	114	0	0	137	6
7TTW	0	0	0	131	0	0	145	6
7UMK	0	0	6	0	0	0	7	0
7UML	0	0	5	2	0	0	6	0
7UTN	0	0	0	19	0	0	35	2
7UY5	0	0	0	8	0	1	44	2
7UY6	0	0	0	9	0	0	52	2
7UZW	0	0	0	10	0	0	38	2
7UZX	0	0	0	12	0	0	31	8
7UZY	0	0	0	9	0	0	39	4
7UZZ	0	12	0	0	40	5	0	0
7V00	0	1	0	6	10	2	20	4
7V01	0	3	0	8	16	0	36	3
7V02	0	4	0	7	14	2	13	2
7V2L	0	79	0	0	81	3	0	0
7V2M	0	76	0	0	86	5	0	0
7V2N	0	68	0	0	82	4	0	0
7V2O	0	71	0	0	94	2	0	0
7V2P	0	84	0	0	88	3	0	0
7V2Q	0	74	0	0	75	2	0	0
7V2Z	0	0	0	3	0	0	3	0
7V4G	0	6	0	0	20	0	0	0
7V59	0	0	0	28	0	0	69	4
7V6C	0	0	0	5	0	0	0	0
7V94	0	0	0	16	0	0	16	1
7V99	0	0	0	5	0	0	22	0
7VG2	0	0	0	5	0	0	6	0
7VG3	0	0	0	3	0	0	4	0
7VPZ	0	0	0	3	0	0	33	0
7W0A	0	8	0	8	1	0	1	0
7W0C	0	0	0	8	0	0	1	0
7W0D	0	7	0	7	1	0	2	0
7W0E	0	12	0	0	0	0	0	0
7W0F	0	0	0	12	0	0	6	0
7WAH	0	43	0	0	63	4	0	0
7WAY	0	16	0	0	29	1	0	0
7WAZ	0	0	0	8	0	0	38	3
7WB0	0	10	0	0	23	1	0	0
7WB1	0	13	0	0	39	3	0	0
7WE6	0	1	0	30	4	1	96	1
7WKV	0	0	0	6	0	0	19	0
7WL0	0	0	0	8	0	0	33	0
7X34	0	0	0	0	0	0	2	0
7X74	0	0	0	4	0	0	35	0
7XLT	0	0	0	0	0	0	0	0
7XUE	0	4	0	0	12	2	0	0
7XUG	0	0	0	0	3	0	0	0
7XUI	0	0	0	1	0	0	8	1
7XYA	0	0	0	4	0	0	21	0
7XYB	0	0	0	5	0	0	2	0
7Z20	0	158	0	30	213	10	41	1
7Z26	0	0	0	4	0	0	3	0
7Z42	0	0	0	8	0	0	25	4
7Z52	0	0	0	2	0	0	1	0
7ZAG	0	119	0	2	102	2	3	1
7ZAH	0	114	0	1	105	3	3	1
7ZAI	0	117	0	2	96	3	3	1
7ZEW	0	0	6	2	0	0	15	1
7ZEX	0	0	12	2	0	0	21	0
7ZGP	0	0	0	3	2	0	13	0
7ZGR	0	0	0	3	2	0	10	0
7ZHG	0	125	0	1	104	3	3	1
7ZKI	0	1	0	0	5	0	0	0
7ZOD	0	151	0	26	180	8	44	1
7ZP8	0	155	0	33	192	12	37	1
7ZQ5	0	161	0	32	178	9	45	1
7ZQ6	0	158	0	30	190	10	40	1
8CSZ	0	0	0	22	0	0	33	2